Pulse,CMi1,CMi2,CMi3,CMi4,CMi5,CMi6,CMi7,CMi8,CMi9,CMi10,CMi11,CMi12,CMi13,CMi14,CMi15,CMi16,CMi17,CMi18,CMi19,CMi20,CMi21,CMi22,CM1,CM2,CM3,CM4,CM5,CM6,CM7,CM8,CM9,CM10,CM11,CM12,CM13,CM14,CM15,CM16,CM17,CM18,CM19,CM20,CM21,CM22,CM23,CM24,CM25,CM26,CM27,CM28,CM29,CM30,CM31,CM32,CM33,CM34,CM35,CM36,CM37,CM38,CM39,CM40,CM41,CM42,CM43,CM44,CM45,CM46,CM47,CM48,CM49,CM50,CM51,CM52,CM53,CM54,CM55,CM56,CM57,CM58,CM59,CM60,CM61,CM62,CM63,CM64,CM65,CM66,CM67,CM68,CM69
2,100.751634,100,95.42723632,99.47025265,98.42824014,100.3277712,100.7067138,100.8691873,100.7488479,100.1360673,99.73730298,100.7378985,100,100,100,100.2849003,99.29140833,100.6410256,99.7804878,98.60972018,99.20802534,100.7496252,98.5541227,100.1454545,100.4786771,100.0691085,100.0883392,100.5235602,100.1172333,100.2353864,99.5547407,100.0951294,100.0145349,99.88876529,100.0501002,100.3172086,100.2890173,100.042517,100.1342282,100.0620347,99.95337995,100.0886001,100.2956081,100.2962963,100.0796178,22.11159048,100.0684369,100.1080205,100,100,99.92363261,100.4372393,100.1579339,100.0821768,100.140056,100.1439539,100.3773585,100.1073446,100.3720811,100.3225806,100.2149808,99.86816084,100.0373134,100.15625,100.1573152,100.0085565,100.0290149,99.77692798,100,100.5517241,99.62121212,100.2173913,99.82716049,100.2579583,100.2275373,100.4739336,100.239521,100.2249719,99.83566146,100.265252,100,100.0788644,100.0757576,99.92652461,100.2697235,100.173913,99.93416722,100.0544959,100.054615,100.1156738,100.273224
3,102.124183,100,93.72496662,99.22575387,98.17057459,100.6555423,101.5648662,101.4341591,101.4112903,100.3733941,99.67892586,101.4757969,100.2043834,100.0910521,99.44483441,100.5698006,99.11426041,101.3532764,100.2439024,98.29749632,98.73284055,101.7241379,98.71043376,100.2181818,101.6100957,100.276434,100.3091873,100.8457511,100.3907776,100.549235,99.1094814,100.152207,100.1017442,99.77753059,100.1002004,100.6344171,100.3853565,100.0637755,100.2684564,100.1240695,100.0932401,100.1772002,100.5912162,100.5925926,100.4378981,99.9971955,100.1231864,100.1957872,100.1193887,100,99.84726522,100.655859,100.2601263,100.1232652,100.2334267,100.1919386,100.5660377,100.2146893,100.1539646,101.6129032,100.4299615,99.93408042,100.0746269,100.2083333,100.3146303,100.1197912,100.2828957,100.3239856,100.3144654,100.8275862,99.24242424,100.326087,99.82716049,100.5159166,100.6349878,100.9478673,100.9580838,100.4499438,99.83566146,100.397878,100.3759398,100.6309148,100.2272727,99.85304923,100.3371544,100.3478261,99.93416722,100.1089918,100.2184599,100.1735107,100.6010929
4,102.8431373,100.1893222,94.09212283,99.26650367,98.4540067,101.4302741,102.1706209,101.8904824,102.0737327,100.6581862,99.82486865,102.3022432,100.4087667,100.1821041,99.36187863,100.6410256,99.37998229,102.0655271,100.3484321,98.49189985,98.89123548,102.4737631,99.45291129,100.3636364,101.3489991,100.552868,100.5300353,101.0873943,100.8597108,100.7846214,99.26663174,100.304414,100.2034884,99.83314794,100.6012024,101.0309278,100.867052,100.085034,100.3355705,100.248139,100.2331002,100.2953337,100.6756757,100.8888889,100.7961783,99.98597751,100.2326855,100.2835539,100.286533,100.1539514,100.1775026,100.7651688,100.287997,100.1643535,100.3267974,100.2879079,100.754717,100.8983051,100.4618938,102.2580645,100.6449423,99.93408042,100.2238806,100.3125,100.4195071,100.1283477,100.4098361,100.5975143,100.3878407,100.9655172,99.49494949,100.4347826,100.117284,100.9165752,100.9842311,101.4218009,101.1976048,101.799775,99.91783073,100.464191,100.7518797,100.7886435,100.6818182,100,100.7417397,100.5217391,99.93416722,100.3269755,100.2184599,100.4048583,102.1857923
5,103.1372549,100.4543733,94.45927904,99.63325183,98.78897191,102.443385,102.7763756,102.3468057,102.764977,100.9429783,99.91243433,102.7154664,100.739259,100.4097343,99.57245868,100.9259259,99.64570416,102.9202279,100.4529617,98.79234168,99.15522703,103.4482759,99.84368894,100.4363636,101.8276762,100.7601935,100.7508834,101.5706806,101.0550996,101.1377011,99.63331587,100.304414,100.3343023,99.88876529,100.7014028,101.1895321,101.0597303,100.3401361,100.3691275,100.3101737,100.3030303,100.3544005,100.7179054,101.4814815,101.2340764,99.97475951,100.3011224,100.4928436,100.4775549,100.3079028,100.3426213,100.8198238,100.3019324,100.2556611,100.5602241,100.3358925,101.0377358,101.240113,100.7185014,102.5806452,100.9560987,99.93408042,100.3731343,100.46875,100.4719455,100.248139,100.5367764,100.8710431,100.4192872,100.7034483,99.87373737,100.5815217,100.2623457,101.1169045,101.3334744,101.8957346,101.4371257,100.7874016,100,100.4973475,101.1278195,100.7886435,100.9090909,100.2204262,101.146325,100.6086957,100,100.599455,100.4369197,100.6362059,102.6229508
6,104.7712418,100.7572889,94.72630174,100.1629992,99.17547024,103.4564958,103.8364462,102.9769665,103.2834101,101.1961268,100.2335085,103.1286895,101.0697513,100.6373645,99.80218238,101.0683761,99.73427812,103.7037037,100.5923345,99.25184094,99.36642027,104.197901,100.3126221,100.6545455,106.048738,101.0366275,100.9275618,101.7317761,101.2895662,101.4907807,99.84284966,100.6468798,100.4360465,100,100.751503,101.8636003,101.1560694,100.5952381,100.4026846,100.6823821,100.3729604,100.4134672,100.7601351,101.9259259,101.4530255,99.97475951,100.4243088,100.5974885,100.8834766,100.5901471,100.4251806,100.8471512,100.3158677,100.2556611,100.7936508,100.5278311,101.2264151,101.4110169,100.9751091,102.7419355,101.1116768,99.86816084,100.5223881,100.5208333,100.5243838,100.4534953,101.1896127,101.9545358,100.6289308,100.5724138,100.0631313,100.7282609,100.4074074,101.3172338,101.7832575,102.1327014,101.5568862,102.1372328,100.1643385,100.5139257,102.2556391,101.1041009,101.0606061,100.4408523,101.4834794,100.7826087,100,100.7629428,100.6007646,100.8675535,102.7322404
7,105.0980392,101.0980689,95.12683578,100.4278729,99.4846689,103.9928486,104.7450782,103.2920469,103.6578341,101.4650971,100.4378284,103.4238489,102.0568795,100.9601854,100.0574309,101.2108262,99.95571302,104.4159544,100.5923345,99.48159057,99.63041183,104.9475262,100.9378664,100.7272727,106.483899,101.38217,101.2367491,102.0942408,101.7584994,101.7653982,100.2095338,101.0083714,100.5668605,100.1112347,100.8016032,102.5376685,101.4450867,100.7653061,100.5369128,100.8684864,100.5128205,100.4134672,100.8445946,102.5185185,101.5625,99.72796365,100.5064331,100.7021334,101.0267431,100.7312692,100.4664603,100.8608149,100.3994797,100.5843682,101.0270775,100.6238004,101.509434,101.4964689,101.1034129,102.8225806,101.267255,99.80224127,100.5970149,100.7291667,100.6292606,100.4962779,101.5160308,102.4962821,100.7337526,100.4413793,100.1578283,100.9456522,100.5401235,101.2074643,102.2330405,102.3696682,101.9161677,102.3622047,100.2465078,100.530504,102.8195489,101.4195584,101.2121212,100.5878031,101.9554956,100.9565217,100.0658328,100.653951,100.7099945,101.2145749,103.442623
8,105.2614379,100.7194245,95.46061415,100.6927465,99.87116722,104.4696067,105.3508329,103.6071273,104.0322581,101.7340675,100.729714,103.837072,102.5504436,101.2830064,100.3126795,101.7094017,100.1771479,105.0569801,100.8362369,99.71134021,99.89440338,105.6971514,101.6021884,100.8727273,107.0496084,101.658604,101.590106,102.5372533,102.2274326,102.19694,100.4190676,101.3888889,100.6831395,100.1668521,101.1022044,102.7755749,101.5895954,100.6802721,100.6040268,101.0545906,100.6993007,100.5906675,101.0135135,102.8148148,101.6719745,99.60456572,100.6159321,100.9451796,101.2416428,100.8018303,100.5077399,100.8744787,100.4830918,100.6756757,101.2605042,100.7677543,101.7924528,101.5391949,101.4883244,102.8629032,101.6349853,99.86816084,100.8955224,100.8333333,100.7341374,100.6160691,101.6792398,102.7671553,100.8385744,100.7724138,100.2051768,101.0543478,100.6728395,101.6959385,102.6034501,102.7843602,102.0359281,102.4746907,100.4108463,101.061008,103.1015038,101.6561514,101.5909091,100.8817046,102.4275118,101.0434783,100.0658328,100.9809264,100.9284544,101.5615963,103.6612022
9,105.5882353,101.5524423,95.89452603,101.1409943,100.231899,104.9463647,105.8808682,104.0851804,104.6082949,102.1928992,101.0215995,104.1322314,102.7972256,101.6058273,100.567928,102.0655271,100.3542958,105.8404558,101.0801394,100.0883652,100.1055966,106.1469265,102.0711215,101.0909091,107.3977372,101.935038,101.8992933,102.8997181,102.6182102,102.5892507,100.7857517,101.5601218,100.8430233,100.1946607,101.3026052,103.2513878,101.734104,100.8503401,100.6711409,101.2406948,100.8857809,100.7678677,101.1824324,103.2592593,101.8312102,99.54286676,100.7254312,101.0667027,101.504298,100.8371108,100.6728586,101.1637293,100.6503159,100.8400292,101.6806723,100.815739,102.1698113,101.5605579,101.8732358,102.8830645,101.8188504,99.86816084,101.0820896,100.9375,100.8390142,100.7444169,101.7608443,102.9025919,101.048218,100.937931,100.228851,101.3804348,101.0462963,101.9401756,102.9738597,103.1990521,102.2754491,102.5871766,100.4930156,101.3262599,103.2424812,101.9716088,101.7424242,100.8817046,103.0343898,101.3913043,100.1974984,101.6348774,101.1469143,101.8507808,103.8251366
10,106.2745098,101.8553578,96.12817089,101.5077425,100.6183973,105.601907,106.4109036,104.3242069,104.9827189,102.6517309,101.3426737,104.4864227,102.9206166,101.9452032,100.8550826,103.9529915,100.5314438,106.4102564,101.2195122,100.5596465,100.4751848,106.8215892,102.7745213,101.2363636,108.0069626,102.2805805,102.2968198,103.3830044,103.1652989,102.9815614,101.0476689,101.9596651,101.0174419,100.2085651,101.4028056,103.7272006,102.1194605,101.0204082,100.8053691,101.3027295,100.979021,100.8860012,101.2668919,103.7037037,102.0700637,99.48116779,100.8486176,101.1274642,101.7191977,100.8547511,100.8379773,101.3083546,100.8732813,100.9495982,102.0074697,100.9596929,102.5471698,101.5712394,102.2260713,102.8931452,102.0027155,100.0659196,101.2686567,100.9375,100.9701101,100.8813211,101.8016466,102.9703102,102.5157233,101.0206897,100.2406881,101.3804348,101.2330247,102.1844127,103.3442692,103.436019,102.5149701,102.6996625,100.7395234,101.5915119,103.3129699,102.2082019,102.0454545,101.1756062,103.4389751,101.3913043,100.2633311,101.9618529,101.2561442,102.1399653,103.715847
11,106.8627451,102.04468,96.39519359,101.9356153,100.8760629,106.2574493,107.0671378,104.5632334,105.3571429,103.1263844,101.5761821,104.8406139,103.0440077,102.2845791,101.135856,104.8967236,100.7971656,106.980057,101.3937282,100.736377,100.6335797,107.3463268,103.4388433,101.3818182,108.5291558,102.76434,102.6060071,103.7051953,103.5169988,103.3738721,101.51912,102.0928463,101.1482558,100.2224694,101.503006,104.4012688,102.0231214,101.1054422,100.9395973,101.5508685,101.1188811,101.0041347,101.4358108,104.2962963,102.1894904,99.55969375,100.9581166,101.1882258,101.9579752,100.8723914,101.003096,101.45298,100.984764,101.0591673,102.334267,101.0556622,103.0188679,101.5819209,102.5789069,102.8981855,102.1724372,99.86816084,101.4179104,100.8854167,101.1012061,101.1807992,101.8424489,103.0041693,103.2494759,101.062069,100.2525253,101.5978261,101.3263889,102.4615807,103.9527992,103.6137441,102.754491,102.8121485,100.9860312,101.3262599,103.3834586,102.444795,102.1969697,101.3960323,103.9109912,101.3913043,100.3291639,102.3433243,101.474604,102.4291498,104.6994536
12,107.2222222,102.2340023,96.79572764,102.4246129,101.2367946,106.6746126,107.3700151,105.1064754,105.6739631,103.664325,101.8388792,105.0177096,104.7747434,102.623955,101.4230107,105.3685897,101.0628875,107.4074074,101.4285714,101.0309278,100.844773,108.3208396,104.0250098,101.6727273,108.9208007,103.178991,103.0035336,104.0273862,103.9468542,103.7269517,102.0953379,102.283105,101.3226744,100.3893215,101.6533066,105.075337,102.4084778,101.1904762,101.0067114,101.674938,101.2587413,101.1222682,101.6047297,104.8888889,102.3089172,99.75600864,101.081303,101.3097489,102.2206304,100.9921314,101.1351909,101.7220503,101.0405054,101.2052593,102.6143791,101.1756238,103.2075472,102.2033898,102.9638183,102.9032258,102.3987327,99.86816084,101.641791,101.1197917,101.2060829,101.3305382,102.0600609,103.0210989,103.6163522,101.0827586,100.5176768,101.7608696,101.4197531,102.7387486,104.5613292,103.7914692,102.994012,103.0371204,101.1503698,101.8567639,104.4172932,102.681388,102.2727273,101.4695077,104.4504383,101.6521739,100.4608295,102.5613079,101.7476789,102.7183343,105.0273224
13,107.7124183,102.3475956,97.19626168,102.8117359,101.8036589,107.1513707,107.6728925,105.6497175,105.9907834,104.2022657,102.1891419,105.3719008,105.6401113,103.0047182,101.6686874,105.6045228,101.4171833,108.1908832,101.8815331,101.3254786,101.2143611,108.9205397,104.6893318,102.1818182,109.3124456,103.593642,103.4010601,104.4703987,104.4548652,104.0408003,102.4096386,102.4543379,101.5116279,100.4727475,101.8036072,105.4321967,102.6011561,101.4030612,101.0738255,101.7990074,101.3986014,101.2404017,101.7736486,105.1851852,102.5477707,99.85416608,101.2181768,101.4447745,102.5549188,101.1118714,101.2837977,101.9911207,101.0962467,101.3878744,102.8011204,101.2955854,103.5849057,102.5141243,103.3487298,103.655914,102.6250283,99.86816084,101.8656716,101.3541667,101.363398,101.4054077,102.277673,103.0295637,103.7997904,101.1034483,100.6502525,101.8423913,101.4814815,103.0159166,105.4873532,104.2654028,103.2335329,103.1496063,101.3147083,102.1220159,104.9342105,102.7602524,102.7272727,101.6899339,104.9898854,102.2608696,100.5266623,103.0517711,102.0207537,103.0075188,105.4098361
14,108.0718954,102.6505112,97.42990654,103.2396088,102.1386241,107.6281287,108.2786471,106.2146893,106.1635945,104.835137,102.4810274,105.7260921,106.0727953,103.360649,101.9143641,105.7224893,101.5057573,108.6894587,102.0905923,101.6494845,101.3727561,109.3703148,105.1973427,102.0363636,109.7040905,104.008293,103.754417,104.9939589,104.8456428,104.5115732,102.5667889,102.6826484,101.7296512,100.5561735,102.004008,105.7890563,102.6974952,101.5093537,101.2751678,101.9851117,101.6783217,101.4176019,101.9130068,105.3333333,102.8264331,99.9032448,101.3550506,101.6068053,102.7698185,101.3342456,101.4571723,102.1525629,101.2634708,101.4974434,103.1279178,101.3915547,103.7735849,102.6694915,103.6053374,103.7634409,102.9078977,100,102.0895522,101.4583333,101.5469324,101.4428425,102.8942405,103.0337961,103.8915094,102.6206897,100.7165404,101.923913,101.6049383,103.2930845,105.9503651,104.7393365,103.3532934,103.3745782,101.6433854,102.3872679,105.1926692,103.2334385,102.8030303,101.9838354,105.4619016,101.9130435,100.6583278,103.4332425,102.2938285,103.1231926,105.7377049
15,108.3660131,102.7641045,97.79706275,103.5859821,102.31899,108.0154946,108.8844018,106.9534985,106.3940092,105.1515727,102.772913,105.9917355,106.2891372,103.712441,102.1696127,105.7814726,101.7271922,109.2592593,102.3344948,101.9734904,101.6895459,110.0449775,105.8225869,102.4727273,110.1392515,104.561161,104.2402827,105.3966975,105.2754982,104.8646528,104.5573599,102.891933,101.9331395,100.6674082,102.2044088,106.185567,103.0828516,101.6156463,101.4765101,102.1712159,101.8181818,101.506202,102.0523649,105.4814815,102.9657643,99.95232353,101.5056118,101.7688361,103.104107,101.4454328,101.630547,102.3140051,101.4121145,101.6617969,103.3146592,101.487524,104.245283,102.7471751,103.958173,104.0860215,103.1341933,100.5273566,102.3134328,101.4583333,101.6386995,101.4615599,103.2025243,103.0359123,103.937369,103.3793103,100.7496843,102.1413043,101.7283951,103.6772777,106.1818711,104.9763033,103.5928144,103.5995501,101.8898932,102.3872679,105.3218985,103.2334385,103.1818182,102.1307862,106.0013486,102,101.1191573,103.8692098,102.5669033,103.3545402,106.284153
16,108.7254902,103.0670201,98.06408545,103.9323553,102.8343211,108.4028605,109.4901565,107.3011734,106.6820276,105.4680084,103.0939872,106.257379,106.3973082,104.0642331,102.4695297,105.8109642,101.9486271,109.4729345,102.4041812,102.2680412,101.9535375,110.6446777,106.4869089,102.6181818,110.6614447,105.0449205,104.6378092,105.9202578,105.8225869,105.2569635,104.924044,103.0631659,102.1511628,100.7230256,102.50501,106.740682,103.1791908,101.9982993,101.4765101,102.2332506,102.0512821,101.5948021,102.4493243,106.0740741,103.1050955,99.95793252,101.656173,101.8768566,103.4383954,101.5566199,102.1589267,102.569622,101.5607581,101.807889,103.6881419,101.6314779,104.5283019,102.7860169,104.3110085,104.1935484,103.3039149,100.2636783,102.3880597,101.71875,101.7304667,101.4709185,103.3566662,103.0369704,103.9602987,103.7586207,100.7662563,103.173913,102.1604938,104.0614709,106.2976241,105.0947867,103.9520958,103.9370079,102.2185703,102.6525199,105.4511278,103.6277603,103.3333333,102.4246877,106.4059339,102.0869565,101.1191573,104.2506812,102.7853632,103.6437247,106.5027322
17,108.9869281,102.9912912,98.39786382,104.4417278,103.2208194,108.9988081,109.994952,107.6923077,106.9700461,106.0375926,103.3566842,106.4344746,106.4513937,104.3704991,102.7088252,105.8404558,101.9486271,110.042735,102.71777,102.5920471,102.1647307,110.8695652,107.0730754,102.7636364,111.1401218,105.390463,105.0353357,106.3632702,106.1742868,105.531581,105.2907281,103.3105023,102.3982558,100.7786429,102.7054108,106.9785884,103.2755299,102.1896259,101.6107383,102.3573201,102.1911422,101.8310691,102.6182432,106.3703704,103.3041401,99.96354152,101.9025459,102.0928977,103.7965616,101.6763599,101.993808,102.8252388,101.7744333,101.953981,104.0616246,102.0153551,104.8113208,102.8248588,104.631768,104.4086022,103.6433582,101.8457482,102.5373134,101.71875,101.6780283,101.4802772,103.4337371,103.0374994,103.9717636,103.9482759,100.7745423,103.6902174,102.3765432,104.3907794,106.4133771,105.3317536,104.0718563,104.1619798,102.3829088,103.1830239,105.8270677,103.785489,103.5606061,102.6451139,106.8105192,101.9130435,101.3166557,104.5776567,103.1676679,103.9329092,106.8852459
18,109.4117647,103.1806134,98.8317757,104.7881011,103.5042515,109.386174,110.4997476,108.2138201,107.2868664,106.5438896,103.6777583,106.8181818,106.4784365,104.6767652,102.9481207,106.3390313,102.3029229,110.4700855,103.0313589,102.916053,102.4815206,111.3943028,107.5420086,102.9090909,111.5752829,105.943331,105.4770318,106.8465566,106.4869089,105.9042762,105.7621792,103.5197869,102.630814,100.8898776,102.9058116,107.4147502,103.371869,102.2852891,101.7449664,102.5434243,102.4009324,102.0082693,102.7871622,106.6666667,103.5031847,100.1654654,102.0804818,102.2886849,104.0353391,103.7461512,102.2002064,103.0404951,101.8812709,102.1183346,104.3417367,102.2072937,105.1886792,102.9378531,104.7600719,104.7311828,103.8130799,102.6367831,102.8358209,101.9270833,101.9926586,101.9936682,103.5108081,103.0377639,103.9774961,104.0431034,100.7828283,103.9483696,102.4845679,104.5554336,106.572124,105.5687204,104.3113772,104.3869516,102.7937551,103.1830239,106.0150376,104.022082,103.8636364,102.6451139,107.2825354,101.826087,101.4483213,105.013624,103.5499727,104.1642568,107.2131148
19,109.8039216,103.9757668,99.03204272,105.195599,103.9422829,109.7735399,110.8783443,108.6049544,107.6036866,106.8919689,104.028021,107.201889,106.4919578,104.9830312,103.2288941,106.6595442,102.6572188,110.8974359,103.4494774,103.1516937,102.6927138,111.7691154,108.0109418,103.1272727,111.9234117,106.4270905,105.8303887,107.2090213,106.9558421,106.2769714,106.1812467,103.7861492,102.9360465,101.0011123,103.2064128,107.850912,103.6608863,102.3809524,101.8120805,102.7295285,102.6107226,102.1854696,103.0405405,106.8148148,103.7022293,100.2664273,102.3131673,102.484472,104.3457498,104.7810469,102.4066047,103.2826584,101.9881085,102.1183346,104.5751634,102.303263,105.4716981,103.220339,105.369515,104.8387097,103.9828015,103.0323006,103.1343284,102.0833333,102.3072889,102.5498417,103.5833454,103.0378962,103.9803623,104.0905172,101.9065657,104.0774457,102.5385802,104.7200878,107.3658588,105.8056872,104.6706587,104.6119235,103.1224322,103.4482759,106.2030075,104.022082,104.0909091,102.7920647,107.7545516,101.9130435,101.6458196,105.2861035,103.9322774,104.3377675,107.5409836
20,110.0653595,103.7485801,99.33244326,105.4604727,104.1484154,110.0715137,111.2569409,108.9526293,107.9493088,107.6197709,104.2615295,107.70366,106.5054792,105.3141296,103.4713803,106.980057,102.7457927,111.4672365,103.5888502,103.5051546,102.8511088,112.2938531,108.479875,103.2,112.2280244,106.91085,106.1837456,107.61176,107.3466198,106.6692821,106.4955474,103.9954338,103.1831395,101.0567297,103.507014,108.2474227,103.9499037,102.6360544,101.8791946,102.9466501,102.8438228,102.5694034,103.2939189,107.4074074,103.8017516,100.3673893,102.5732275,102.6870105,104.6322827,105.2984947,102.6542828,103.5248217,102.1832033,102.4653031,104.8085901,102.3512476,105.754717,103.3615819,105.6742366,105.1612903,104.1525232,103.4278181,103.358209,102.1875,102.4121657,102.8279285,103.6558828,103.0379623,103.9817954,104.1142241,102.4684343,104.1419837,102.5925926,105.104281,107.7627262,106.1611374,104.7904192,104.9493813,103.4511093,103.7135279,106.7669173,104.022082,104.3939394,103.1594416,108.091706,102.6956522,101.9091508,105.7220708,104.2599672,104.626952,108.4699454
21,110.3267974,103.9000379,99.69959947,105.9290954,104.4318475,110.488677,111.5093387,109.3003042,108.4101382,108.3475729,104.5534151,107.9545455,107.4708645,105.6038407,103.7266288,107.5498575,103.0115146,111.7521368,103.728223,103.8586156,103.4846885,112.8185907,108.8706526,103.3454545,112.5326371,107.325501,106.5812721,107.9742247,107.6983197,107.0223617,106.8622315,104.261796,103.4883721,101.1123471,103.7074148,108.5646312,104.0462428,102.7210884,102.0134228,103.1637717,103.0769231,102.7613703,103.5472973,107.8518519,103.9012739,100.4515242,102.8332877,102.9233054,104.9188157,105.5572186,102.8524252,103.7535315,102.378298,102.6661797,105.1820728,102.3752399,106.0377358,103.5028249,105.9789582,105.2688172,104.2939579,102.5708635,103.358209,102.34375,102.6219192,102.9669718,104.308719,103.0380285,103.982512,104.1260776,102.7493687,104.1742527,102.8395062,105.5982437,107.9611599,106.1611374,105.1497006,105.1743532,103.7797864,103.9787798,107.3308271,104.6529968,104.5454545,103.3798677,108.4288604,103.3913043,102.0408163,106.1580381,104.587657,104.8582996,108.3606557
22,110.6862745,104.0893601,100,106.3569682,104.8441123,110.9058403,111.7617365,109.5827901,108.5397465,108.9329789,104.8453006,108.2054309,107.9535571,105.9597715,103.9818774,107.9059829,103.2329495,112.1082621,104.0418118,104.0353461,103.6958817,113.0434783,109.2614302,103.5636364,112.8372498,107.740152,106.934629,108.4575111,108.1281751,107.2969792,107.2289157,104.56621,103.7645349,101.2235818,103.9078156,108.8025377,104.238921,103.1462585,102.147651,103.3808933,103.4032634,102.8573538,103.8851351,108,104.1003185,100.5356592,103.1207227,103.1596003,105.2292264,105.6865806,103.1166151,103.9822414,102.6755853,102.8670562,105.4154995,102.3992322,106.2264151,103.7288136,106.3638696,105.483871,104.4353926,102.1423863,103.5820896,102.3958333,102.8316728,103.0364935,104.6351371,103.7284895,103.9828702,104.1320043,102.8898359,104.1903872,103.0555556,105.845225,108.0603768,106.5165877,105.3892216,105.3993251,104.1084634,104.2440318,107.1428571,104.8107256,104.7727273,103.7472447,108.8334457,103.6521739,102.2383147,106.3760218,104.8607318,105.0896472,108.5245902
23,111.0457516,104.2029534,100.3337784,106.6829666,105.1017779,111.0846246,112.1655729,109.865276,108.6693548,109.2256819,105.1663748,108.5596222,108.1949035,106.2412052,104.2435071,108.1908832,103.4543844,112.6068376,104.3379791,104.3004418,103.9598733,113.3433283,109.6912857,103.7090909,113.1418625,108.154803,107.2879859,108.779702,108.4407972,107.6108278,107.7003667,104.8325723,104.0116279,101.4460512,104.1082164,109.2386994,104.4315992,103.2738095,102.2818792,103.5980149,103.6363636,102.9533373,104.222973,107.8518519,104.2993631,100.6141852,103.3670955,103.7267081,105.4918816,105.7512615,103.4138287,104.1974976,102.8799703,103.1227173,105.6956116,102.4472169,106.8396226,103.7853107,106.4921735,105.6989247,104.8314098,101.713909,103.880597,102.4479167,103.0414263,103.0712544,104.7983461,104.07372,103.9832285,104.1349677,102.9600694,104.1984545,103.1635802,106.0922064,108.1595936,106.6350711,105.6287425,105.624297,104.4371405,104.2440318,107.518797,105.126183,105.1515152,103.8941954,109.238031,103.826087,102.5016458,106.7574932,105.1884216,105.4366686,108.9617486
24,111.3071895,104.0514956,100.7009346,107.0293399,105.4367431,111.5017878,112.5189298,110.2564103,108.9717742,109.5183849,105.4582604,108.7367178,108.3155766,106.5226389,104.4349435,108.4045584,103.6315323,113.1054131,104.6341463,104.5655376,104.1710665,113.7181409,110.0820633,103.8545455,113.4464752,108.6385625,107.729682,109.6657269,108.9097304,107.9246763,108.1194343,105.1179604,104.3168605,101.5572859,104.2084168,109.6748612,104.8169557,103.4013605,102.5503356,103.7220844,103.8694639,103.1896043,104.5608108,108.2962963,104.5382166,100.7263651,103.6955927,104.0102619,105.8022923,105.783602,103.3973168,104.3589399,103.0843553,103.3235939,106.022409,102.4952015,107.1462264,103.8418079,106.6204773,105.9139785,105.1708531,101.3513514,104.1044776,102.6041667,103.1987415,103.0886348,104.8799507,104.2463352,103.9832285,104.1364494,102.9951862,104.2024881,103.2716049,106.4763996,108.9268706,106.7535545,105.988024,105.9617548,104.7658176,104.5092838,107.7067669,105.126183,105.2272727,104.0411462,109.3728928,104.0869565,102.764977,107.1389646,105.6253413,105.6101793,109.1803279
25,111.6013072,104.2786823,100.9345794,107.4572127,105.7717083,111.7997616,112.8722867,110.6692742,109.2741935,109.9930384,105.7501459,108.9138135,108.3759132,106.8040725,104.7157169,108.974359,103.8086802,113.3903134,104.7038328,104.8600884,104.3294615,114.2428786,110.472841,104,113.7510879,108.984105,107.9946996,109.9879178,109.2614302,108.2385249,108.4861184,105.4033486,104.6511628,101.6685206,104.3086172,109.9524187,105.2023121,103.4438776,102.6845638,103.8771712,104.1025641,103.6030715,104.7297297,108.5925926,104.6974522,100.838545,104.0240898,104.1520389,106.0410697,105.7997723,103.5128999,104.5741962,103.3630621,103.5975164,106.302521,103.1429942,107.2995283,104.0677966,107.1978445,106.1290323,105.4537226,100.9887937,104.1791045,102.8125,103.4609334,103.1060152,104.9615552,104.3326429,104.2976939,104.1371902,103.0127446,104.2065217,103.8580247,106.8605928,109.310509,106.9905213,106.3473054,106.2992126,105.0944947,104.7745358,107.8947368,105.126183,105.6818182,104.2615724,109.844909,103.826087,102.9624753,107.4114441,105.8984162,105.8415269,109.3989071
26,111.8954248,104.7709201,101.23498,107.7424613,106.080907,112.0977354,113.3770823,111.0821382,109.4470046,110.388583,105.9544658,109.3565525,108.4362498,107.0606738,104.9390594,109.2948718,104.0744021,113.8888889,104.9825784,105.1546392,104.593453,114.6176912,110.7463853,104.2181818,114.0121845,109.3296475,108.3480565,110.3906565,109.5349746,108.6308356,108.8004191,105.6316591,104.9563953,101.8353726,104.6092184,110.2299762,105.3468208,103.4651361,102.8187919,104.0322581,104.2890443,103.8098051,104.8986486,108.8888889,104.8566879,100.9787699,104.2978374,104.2938158,106.3514804,105.8078574,104,104.802906,103.6138982,103.834916,106.6293184,103.4668906,107.4528302,104.2937853,107.4865281,106.2365591,105.6234442,100.3955175,104.4029851,102.9166667,103.5658102,103.2771455,105.1066299,104.3757967,104.4025157,104.1375606,103.0215238,104.5326087,104.1512346,107.6838639,109.5023283,107.3459716,106.5868263,106.5241845,105.4231717,105.0397878,108.2706767,105.6782334,105.9848485,104.4819985,110.1820634,104.5217391,103.1599737,107.7929155,106.171491,106.1307114,109.6721311
27,112.124183,104.9602423,101.5020027,108.190709,106.4674053,112.3957092,113.7051994,111.2777053,109.8790323,110.7841276,106.27554,109.5779221,108.7580449,107.3586624,105.1815455,109.6153846,104.0744021,114.1737892,105.1567944,105.3019146,104.7518479,114.6176912,111.137163,104.2909091,114.3603133,109.7442985,108.6572438,110.5920258,109.7694412,108.9054531,109.1932949,105.9360731,105.2034884,101.9187987,104.9098196,110.5471848,105.4913295,103.4757653,102.9530201,104.0942928,104.5221445,104.0165387,105.152027,109.3333333,105.1353503,101.1189949,104.6673967,104.9014313,106.6141356,105.8119,104.4871001,105.0047087,103.8647343,104.0723156,106.9094304,103.6288388,107.7358491,104.6327684,107.7752117,106.5591398,106.1326092,100.3955175,104.6268657,103.0208333,103.8804405,103.4482759,105.3967793,104.3973736,104.5073375,104.1377458,103.0259134,104.6413043,104.2978395,108.0954995,109.6941475,107.2274882,106.8263473,106.7491564,105.6696795,105.3050398,107.8947368,105.6782334,106.0606061,104.4819985,110.3169252,104.8695652,103.4233048,108.0108992,106.4445658,106.4198959,110
28,112.4509804,105.0738357,101.8691589,108.5778321,106.544705,112.693683,114.0333165,111.4732725,110.3110599,111.2587811,106.5966141,109.7992916,109.4538181,107.6814833,105.4112692,109.7578348,104.340124,114.5299145,105.3484321,105.44919,105.0158395,115.0674663,111.4107073,104.4363636,114.7084421,110.0898411,109.0106007,110.7531212,110.1992966,109.2193017,109.5861708,106.2404871,105.4505814,102.0022247,105.1102204,110.9436955,105.4913295,103.4863946,103.0872483,104.280397,104.7785548,104.2528057,105.4898649,109.4814815,105.2746815,101.2872648,104.968519,105.205239,106.9484241,105.8139212,104.8008256,105.219965,104.2177629,104.2914536,107.1428571,103.7098129,108.1132075,104.8022599,108.0318193,106.6666667,106.3871917,100.3295979,104.8507463,103.1770833,104.0377556,104.1755797,105.324242,104.4189505,104.6121593,104.1378384,103.0281082,104.9673913,104.371142,108.3013172,109.932268,107.464455,107.0658683,106.8616423,105.9983566,105.0397878,108.2706767,105.7570978,106.2878788,104.7759001,110.7215105,105.1304348,103.6208032,108.2833787,106.7176406,106.7090804,110.2185792
29,112.7124183,105.3767512,102.2363151,108.8427058,106.7508374,113.0512515,114.3361938,111.9078661,110.5126728,111.8600089,106.8593112,110.2125148,109.8017046,108.0125817,105.5771808,110.1139601,104.340124,114.8148148,105.5400697,105.9499264,105.2270327,115.4422789,111.7624072,104.5818182,114.9695387,110.4353836,109.319788,110.9142167,110.3556077,109.4939192,109.848088,106.4878234,105.7122093,102.1134594,105.2104208,111.221253,105.7803468,103.4863946,103.2885906,104.528536,105.034965,104.4300059,105.6587838,109.6296296,105.4140127,101.4555347,105.2696414,105.3571429,107.139446,105.8149319,105.2879257,105.4083143,104.877369,104.5836377,107.4696545,103.7502999,108.3962264,104.9717514,108.4808827,106.8817204,106.5144829,100.1977587,105.0746269,103.3854167,104.1950708,104.5392316,105.7594661,106.4903335,105.0314465,104.1378847,103.0292056,105.2391304,104.4077932,108.4042261,110.1703884,107.8199052,107.3053892,107.3115861,106.2448644,105.5702918,108.2706767,105.9936909,106.5909091,104.8493755,110.9238031,105.3043478,103.8841343,108.5558583,107.1545603,106.8825911,110.4918033
30,113.0392157,105.4146157,102.4032043,109.3113284,107.240402,113.40882,114.6390712,112.125163,110.7142857,112.1606227,107.1511967,110.3896104,109.9756479,108.3064316,105.8579542,110.4700855,104.6944198,115.0997151,105.7665505,106.2002946,105.4910243,115.6671664,112.1922626,104.7272727,115.2306353,110.7809261,109.6289753,111.1961337,110.6682298,109.8469988,110.1623887,106.7922374,105.9593023,102.2246941,105.4108216,111.4988105,105.7803468,103.9115646,103.4899329,104.6526055,105.2680653,104.6662729,105.9966216,109.7777778,105.7324841,101.7752475,105.5570764,105.5090467,107.425979,105.8154372,105.5314757,105.7917395,105.2071721,104.8210373,107.7497666,103.7705434,108.5849057,105.1977401,108.7054144,107.0967742,106.5781285,100.1977587,105.3731343,103.4375,104.4310435,104.7210576,105.9770782,107.5260251,105.1362683,104.1379079,103.0297543,105.5108696,104.4261188,108.4556806,110.6201714,107.9383886,107.5449102,107.424072,106.6557108,105.8355438,108.8345865,106.0725552,106.6666667,105.0698016,111.3283884,105.4782609,104.0816327,108.8283379,107.3730202,107.1717756,110.7650273
31,113.3333333,105.7553957,102.7036048,109.5863896,107.6011337,113.647199,114.891469,112.3207301,111.1175115,112.4612366,107.3263281,110.566706,110.0626196,108.6002814,106.0430094,110.8262108,104.9601417,115.3133903,105.9930314,106.4506627,105.7022175,116.191904,112.465807,104.9454545,115.4046997,111.1264686,109.8939929,111.397503,111.0590074,110.1216163,110.4766894,107.0205479,106.25,102.3915462,105.6112224,111.7367169,105.973025,104.0816327,103.8255034,104.9627792,105.4778555,104.8730065,106.3344595,110.0740741,105.8917197,101.9351039,105.8445114,105.7926006,107.6647564,105.8156899,105.7750258,105.9834522,105.3720736,105.0766983,108.0298786,103.7806652,109.0566038,105.3107345,108.9299461,107.311828,106.6099513,100.1318392,105.5223881,103.6458333,104.6670163,104.8119706,106.1946903,108.0438708,105.4507338,104.1379195,103.0300287,106,104.4444444,108.4814078,110.845063,108.1161137,107.7844311,107.6490439,106.9022186,106.1007958,108.8345865,106.3091483,106.7424242,105.2902278,111.5306811,105.6521739,104.279131,109.0463215,107.70071,107.4031232,111.0382514
32,113.5620915,105.9068535,102.9706275,109.8614507,107.7814996,114.1239571,115.2195861,112.5162973,111.40553,112.7934941,107.6182137,110.9504132,110.1495912,108.8486052,106.3174016,111.0042735,105.2258636,115.7407407,106.271777,106.7452135,105.8606125,116.4167916,112.6611958,104.7272727,115.6657963,111.3337941,110.1590106,111.9613371,111.3325518,110.3177717,110.79099,107.2678843,106.4534884,102.4749722,105.7114228,111.8953212,106.2620424,104.2517007,104.1610738,105.117866,105.6876457,105.0797401,106.5033784,110.3703704,105.9713376,102.0949603,106.1456337,106.0761545,107.8796562,105.8159425,106.0227038,106.0793085,105.5369751,105.3506209,108.3099907,103.7857261,109.0566038,105.7627119,109.1224018,107.6344086,106.6417742,100.0659196,105.7462687,103.75,104.8767698,104.8574271,106.339765,108.3027937,105.2410901,104.1379252,103.0301659,106.2445652,104.845679,108.507135,111.0699545,108.2938389,108.0239521,107.9865017,107.2308956,105.8355438,109.1165414,106.3091483,107.1212121,105.3637032,111.7329737,106.0869565,104.4766294,109.2098093,108.0283998,107.6923077,111.2568306
33,113.7254902,106.0961757,103.2376502,110.2689487,107.9618655,114.3325387,115.5477032,112.7118644,111.6359447,113.1257515,107.8517221,111.3341204,110.3757175,109.1176227,106.5917938,111.1823362,105.3587245,115.954416,106.4111498,107.0986745,106.124604,116.8665667,112.8956624,104.9454545,115.926893,111.6102281,110.4240283,112.0418848,111.5670184,110.5531581,111.0005238,107.5722983,106.7877907,102.5583982,106.012024,112.2918319,106.4547206,104.4217687,104.4295302,105.2729529,105.9440559,105.463674,106.8412162,110.6666667,106.0509554,103.2784586,106.4330687,106.3732109,108.1184336,106.1409511,106.4437564,106.1751648,105.7878112,105.6245435,108.5434174,103.7882565,109.245283,105.9887006,109.5714652,107.7956989,106.9529305,100.1318392,105.9701493,103.8541667,104.9816466,104.8801553,106.4848397,108.4322552,105.4507338,104.1379281,103.0302344,106.3668478,105.0462963,109.0559824,111.5726532,108.5308057,108.2634731,108.0989876,107.641742,106.1007958,109.3984962,106.5457413,107.1969697,105.3637032,112.0026972,106.3478261,104.7399605,109.4277929,108.3014746,107.9814922,111.4754098
34,113.8235294,106.2476335,103.6048064,110.7171964,108.45143,114.5411204,115.6991418,112.9074316,111.9239631,113.5687615,108.1436077,111.5112161,110.662724,109.3866402,106.808755,111.3247863,105.4915855,116.2393162,106.5505226,107.275405,106.2829989,117.0164918,113.1692067,105.4545455,116.4055701,112.0248791,110.6890459,112.2432541,111.6842517,110.8277756,111.3148245,107.8767123,107.0784884,102.7252503,106.1623246,112.6883426,106.5510597,104.8044218,104.6979866,105.4590571,106.2004662,105.6556409,107.0101351,110.8148148,106.1305732,103.8702078,106.8163154,106.6702674,108.3094556,106.4317482,106.8648091,106.336607,106.0386473,105.861943,108.8702148,103.7907869,109.5283019,106.1016949,109.763921,107.9569892,107.2640869,100.0659196,106.0447761,103.9583333,105.2438385,104.9028835,106.557377,108.4969859,105.5555556,104.1379296,103.0302687,106.4891304,105.1466049,109.3304061,111.8240025,108.7677725,108.3832335,108.3239595,107.8882498,106.3660477,109.962406,106.7823344,107.4242424,105.5106539,112.3398517,106.6956522,104.9374589,109.7002725,108.5199345,108.2128398,111.5846995
35,114.4444444,106.9670579,103.7716956,110.9005705,108.8636949,114.7199046,116.1534578,113.4289439,112.1543779,113.9010189,108.4063047,111.6883117,110.9497304,109.5935767,107.0257163,111.6809117,105.6687334,116.3817664,106.6898955,107.4521355,106.5469905,117.4662669,113.4036733,105.6,116.4490862,112.2322046,110.9540636,112.7668143,112.0359515,111.1023931,111.6291252,108.1240487,107.2965116,102.8921023,106.3126253,112.8469469,106.8400771,104.9957483,104.8322148,105.6451613,106.4335664,105.8476078,107.2635135,111.1111111,106.3296178,104.1660824,107.1037503,106.9403187,108.5721108,106.7225453,107.1950464,106.5518633,106.2616128,106.1906501,109.1970121,104.0307102,109.7169811,106.2146893,110.0846805,108.4946237,107.4338086,100.0659196,106.2686567,104.1666667,105.5060304,104.9884487,106.8475265,108.5293512,105.7651992,104.1379303,103.0302859,106.5978261,105.2469136,109.467618,112.0753519,108.6492891,108.6227545,108.5489314,108.0525883,106.6312997,110.1503759,106.8611987,107.8030303,105.8045555,112.5421443,106.7826087,105.1349572,109.972752,108.7383943,108.3863505,111.9125683
36,114.8039216,107.0427868,104.0720961,111.409943,109.0182943,114.9582837,116.4563352,113.7331595,112.4135945,114.2332764,108.6106246,111.9244392,111.8759784,109.8667329,107.4979261,111.965812,106.1116032,117.022792,106.9686411,107.7172312,106.7581837,117.7661169,113.6772177,105.6,116.6231506,112.5086386,111.2190813,112.8876359,112.2704181,111.3770106,111.6815086,108.3143075,107.6017442,103.1701891,106.5130261,113.0055511,107.0327553,105.1870748,104.966443,105.8933002,106.6666667,106.2020083,107.6013514,111.4074074,106.5286624,104.3140197,107.4185601,107.21037,108.7153773,107.0133425,107.3601651,106.7805731,106.9026384,106.3367421,109.3370682,104.1506718,109.9056604,106.3276836,110.2771363,108.7634409,107.716678,99.93408042,106.4925373,104.21875,105.715784,104.9884487,106.9926012,108.5455339,106.39413,104.137931,103.0302945,106.923913,105.4938272,109.6048299,112.3743253,108.6492891,108.8622754,108.7739033,108.2990961,107.1618037,110.3383459,106.9400631,107.8787879,106.0249816,112.6770061,106.8695652,105.2666228,110.1362398,109.0114691,108.675535,112.0765027
37,114.9673203,107.1563802,104.2723632,111.7155664,109.0698274,115.1966627,116.7592125,114.1242938,112.6728111,114.5813556,108.8733217,112.1605667,112.3391025,110.2723284,107.7308404,112.2507123,106.3330381,117.022792,107.1080139,107.982327,106.969377,117.8410795,113.8335287,105.8909091,116.8842472,112.8541811,111.4399293,113.1292791,112.5439625,111.6516281,112.1005762,108.5616438,107.8052326,103.3092325,106.7134269,113.1641554,107.2254335,105.6972789,105.1006711,106.0173697,106.8997669,106.3792085,107.8969595,111.5555556,106.6878981,104.3879883,107.6923077,107.6019444,109.025788,107.3041396,107.5252838,106.9016548,107.2231512,106.6106647,109.7105509,104.2706334,110,106.6666667,110.469592,108.8978495,107.7732519,99.86816084,106.641791,104.3229167,105.8730991,105.159579,107.1376759,108.5536253,106.0796646,104.6896552,103.0302987,107.0326087,105.5555556,109.6048299,112.523812,108.8862559,109.1017964,108.9988751,108.5456039,106.8965517,110.9022556,106.9400631,108.1060606,105.9515062,113.0141605,107.0434783,105.4641211,110.2997275,109.3391589,108.9068826,112.3497268
38,115.130719,107.3078379,104.5393858,111.8785656,109.610925,115.5244338,116.9106512,114.450239,112.8456221,115.1192962,109.1068301,112.3966942,112.5706645,110.2888834,107.9637547,112.3931624,106.4437555,117.5925926,107.3170732,108.1001473,107.1805702,118.2158921,114.1070731,106.1090909,117.1018277,113.1306151,111.6607774,113.4917439,112.7002735,111.8477834,112.2577266,108.8660578,108.0668605,103.4482759,106.9138277,113.4417129,107.3217726,105.6972789,105.3020134,106.1414392,107.1328671,106.5564087,108.0447635,111.7037037,106.7675159,104.4249727,107.9386805,107.8584931,109.1690544,108.2107424,107.8224974,107.090004,107.3834077,106.8298028,109.8506069,104.4145873,110.3773585,106.8361582,110.7261996,108.9650538,108.0561213,99.86816084,106.8656716,104.4791667,106.0304143,105.3307093,107.0651385,108.5576709,106.8134172,104.9655172,103.0303009,107.1413043,106.0185185,109.9066959,112.6732988,109.2417062,109.3413174,109.223847,108.7099425,106.8965517,111.1842105,107.0977918,108.1818182,106.1719324,113.0815914,107.3913043,105.5957867,110.5722071,109.5576188,109.1382302,112.6775956
39,115.3594771,107.3078379,104.8731642,112.1638142,109.610925,115.6883194,117.163049,114.7761843,112.9608295,115.3724448,109.3403386,112.6328217,112.6864455,110.5868719,108.0977602,112.3219373,106.554473,117.8062678,107.5261324,108.6597938,107.3389652,118.2908546,114.2633841,105.8909091,117.3194082,113.3379406,111.8816254,113.4917439,113.0910512,112.0439388,112.5196438,109.1324201,108.2994186,103.6707453,107.0140281,113.7192704,107.61079,105.9098639,105.5033557,106.2655087,107.2261072,106.8517425,108.1925676,112,106.9665605,104.4434648,108.2398029,108.142047,109.4317096,108.6640438,108.0866873,107.2783533,107.4635359,107.0124178,110.1774043,104.5585413,110.4716981,107.0056497,110.8545035,108.9986559,108.225843,99.73632169,107.0895522,104.5833333,106.1877294,106.0152306,107.5003627,108.5596938,106.918239,105.1034483,103.030302,107.4673913,106.25,110.057629,112.8505662,109.2417062,109.4610778,109.5613048,108.9564503,106.8965517,111.325188,107.0977918,108.3333333,106.3923586,113.4187458,107.6521739,105.8591178,110.7356948,109.7760786,109.253904,112.8415301
40,115.620915,107.3457024,105.0400534,112.4694377,109.8943571,115.852205,117.4154467,114.928292,113.2200461,115.6382507,109.6030356,112.8984652,112.744336,110.7772535,108.2891966,112.7849003,106.6430469,118.019943,107.7003484,108.9396171,107.6029567,119.0404798,114.5369285,106.4,117.5369887,113.6143746,112.1024735,114.0153041,113.4036733,112.2793252,112.7291776,109.3417047,108.5465116,103.78198,107.1643287,114.036479,107.7071291,106.0161565,105.7718121,106.4516129,107.5291375,106.9108092,108.4037162,112.4444444,107.1656051,104.4527109,108.4861757,108.3985957,109.6227316,108.8906945,108.3508772,107.4397955,107.5436641,107.1950329,110.3641457,104.6545106,110.6603774,107.2316384,111.2394149,109.0322581,108.3955646,100.8239947,107.238806,104.7395833,106.5547981,106.3574912,107.5003627,108.5607052,107.0230608,105.1724138,103.030303,107.6847826,106.3657407,110.208562,113.0278336,109.478673,109.7005988,109.6737908,109.2029581,107.4270557,111.3956767,107.3343849,108.6363636,106.4658339,113.6884693,107.826087,106.122449,110.9536785,109.9945385,109.4852516,113.0601093
41,116.0130719,107.6864824,105.2736983,112.7343113,110.1004896,116.0309893,117.7183241,115.0803998,113.4792627,115.9040567,109.8657326,113.1641086,112.7732812,110.9841901,108.46468,113.2478632,106.8644818,118.2336182,107.8745645,109.0795287,107.8141499,118.9655172,114.7713951,106.1818182,117.7545692,113.8217001,112.3233216,114.0555779,113.5599844,112.4754806,112.8863279,109.5319635,108.7936047,103.8932147,107.239479,114.2743854,107.8034682,106.122449,106.0402685,106.6687345,107.6806527,107.0880095,108.6148649,112.6666667,107.3248408,104.461957,108.746236,108.6416419,109.7659981,109.0040198,108.5985552,107.9173954,107.7294686,107.4324324,110.5975724,104.7504798,110.8490566,107.3446328,111.5601745,109.7311828,108.678434,101.3678312,107.3507463,105,106.6596749,106.5286215,107.7905121,108.5612109,107.0230608,105.2068966,103.0934343,108.0652174,106.4236111,111.1141603,113.3453275,109.5971564,109.9401198,109.8987627,109.4494659,107.6923077,111.4661654,107.3343849,108.7121212,106.5393093,113.8233311,108,106.122449,111.1171662,110.2676133,109.7165992,113.1147541
42,116.1437908,107.8379402,105.5740988,112.9176854,110.3323886,116.2693683,118.0212014,115.2325076,113.7672811,116.2711221,110.0700525,113.2821724,112.7877538,111.2159589,108.6401634,113.4615385,106.9751993,118.4472934,107.9790941,109.1494845,107.9197466,119.3403298,115.0058617,106.6909091,117.9721497,114.1672426,112.5441696,114.0153041,113.7162954,112.710867,113.1482452,109.7792998,108.997093,104.0600667,107.3146293,114.591594,107.8998073,106.292517,106.3087248,106.7772953,107.8321678,107.7082103,108.8682432,112.7777778,107.4840764,105.2584345,109.0062962,108.8846881,109.9092646,109.0606825,108.8132095,108.1561953,108.073207,107.5785245,110.7843137,104.9424184,110.9433962,107.6271186,111.7526302,110.0806452,108.9047296,101.6397495,107.4626866,105.0520833,106.81699,106.6141867,108.0806615,108.5614637,107.442348,105.2241379,103.1565657,108.2554348,106.4525463,111.5669594,113.7421949,109.5971564,110.1796407,110.1237345,109.6138044,107.4270557,111.8421053,107.6498423,109.0151515,106.9066863,113.890762,108.2608696,106.3199473,111.280654,110.4314582,109.8901099,113.3333333
43,116.3398693,107.9515335,105.7743658,113.1825591,110.5642876,116.4481526,118.2231196,115.3846154,113.8824885,116.6381875,110.303561,113.4002361,112.8022265,111.4063405,108.7933125,113.6752137,107.0859167,118.6609687,108.2229965,109.2194404,108.1309398,119.6401799,115.2403283,106.5454545,118.1462141,114.3054596,112.7650177,114.2166734,113.9116843,112.9462534,113.4101624,109.9505327,109.1860465,104.1434928,107.4148297,114.8295004,108.0924855,106.377551,106.5771812,106.8858561,108.018648,108.0183107,108.9527027,112.8888889,107.6433121,105.6566733,109.252669,109.1614907,110.0764088,109.0890139,109.0939112,108.2755953,108.2450762,107.8341855,111.0644258,105.0863724,111.1320755,107.9096045,111.945086,110.2553763,108.9613035,101.7757086,107.6865672,105.15625,106.7121133,106.6569693,108.2982736,108.5615902,107.5471698,105.2327586,103.4722222,108.3505435,106.4814815,111.7933589,113.9406286,109.8341232,110.4191617,110.2362205,109.9424815,107.9575597,111.6541353,107.6498423,109.0151515,106.9801616,114.0930546,108.3478261,106.5174457,111.4441417,110.6499181,110.1214575,113.5519126
44,116.5686275,107.7622113,105.9746328,113.4474328,110.7961865,116.6269368,118.4250379,115.6453716,114.0552995,116.9229796,110.566258,113.6068477,113.0196556,111.5884447,108.9911301,113.8176638,107.1744907,119.017094,108.2578397,109.5139912,108.3421331,120.089955,115.3184838,106.6909091,118.3637946,114.5818936,112.9858657,114.6596859,113.950762,113.1031777,113.5149293,110.1788432,109.3895349,104.2269188,107.6653307,115.18636,108.2851638,106.420068,106.7114094,107.133995,108.2051282,108.1733609,109.1216216,113.1111111,107.8025478,105.8557927,109.4579797,109.4382933,110.339064,109.1031795,109.3415893,108.3352953,108.4169454,108.1446311,111.2511671,105.2303263,111.509434,107.7966102,112.2016936,110.3427419,109.2158859,101.8436882,107.761194,105.3645833,107.079182,106.6783606,108.370811,108.5616534,107.966457,105.2413793,103.6300505,108.3980978,106.9135802,111.9065587,114.0398455,110.1895735,110.6586826,110.4611924,110.0246508,108.2228117,111.8421053,107.8864353,109.1666667,107.053637,114.2953473,108.6956522,106.714944,111.6076294,110.813763,110.3528051,113.6612022
45,116.8300654,108.0272624,106.2082777,113.8549307,111.0796187,116.9845054,118.5764765,115.9061278,114.2281106,117.2077717,110.7122008,113.8134593,113.2196904,111.8119361,109.3038096,114.2450142,107.8830824,119.3732194,108.728223,109.6612666,108.500528,120.4647676,115.5138726,106.8363636,118.5813751,114.7892191,113.2067138,114.8610552,114.3415397,113.3777952,113.7768465,110.3881279,109.5203488,104.4493882,107.9158317,115.3647898,108.477842,106.462585,106.8456376,107.1960298,108.2983683,108.250886,109.2905405,113.3333333,107.8821656,105.9553524,109.6769778,109.7961113,110.5062082,109.1173452,109.5397317,108.3651453,108.5284281,108.2724617,111.4845938,105.3262956,111.6981132,108.2485876,112.4583013,110.3864247,109.4704684,101.877678,107.9477612,105.3645833,107.4462507,106.6890562,108.4433483,108.561685,108.2809224,105.4482759,103.7089646,108.4456522,107.1296296,111.9631586,114.1390623,110.1895735,110.7784431,110.5736783,110.2711586,108.4880637,111.6541353,107.8864353,109.3181818,107.3475386,114.4976399,108.8695652,106.8466096,111.8256131,110.9776079,110.4684789,113.8251366
46,117.2222222,108.5573646,106.4753004,114.0179299,111.1826849,117.1632896,118.8541141,116.2538027,114.5737327,117.4292766,110.9748978,114.1086187,113.4197252,112.0271501,109.2910472,114.4586895,107.7059345,119.6581197,108.9634146,109.808542,108.7117212,120.2398801,115.7092614,107.1272727,118.7989556,115.0656531,113.3833922,115.1026983,114.615084,113.6524127,113.82923,110.5783866,109.6656977,104.5606229,108.0661323,115.5432197,108.7668593,106.7176871,107.114094,107.4441687,108.4848485,108.2896486,109.5439189,113.4814815,108.2802548,106.0051322,109.9096633,109.9750203,110.6494747,109.4166952,109.7213622,108.3949953,108.769974,108.4733382,111.6713352,105.5182342,111.8867925,108.3615819,112.5866051,110.4082661,109.6401901,101.8946729,108.1343284,105.5729167,107.498689,106.6997519,108.5158857,108.5617008,108.4381551,105.5517241,103.7484217,108.4456522,107.2376543,111.9914586,114.2448936,110.07109,111.0179641,110.6861642,110.5998357,108.7533156,111.4661654,108.1230284,109.5454545,107.4944893,114.9022252,108.9565217,107.044108,111.9891008,111.1960677,110.6419896,114.0437158
47,117.2875817,108.6330935,106.6755674,114.3031785,111.466117,117.3420739,118.9929329,116.5145589,114.6889401,117.7773559,111.2375949,114.3447462,113.8110976,112.2506415,109.6101078,114.6367521,107.6173605,119.8005698,109.1986063,110.0441826,108.8173178,120.6896552,116.0218835,107.4909091,118.97302,115.2729786,113.5159011,115.4651631,114.8104728,113.809337,114.0911472,110.7115677,109.8546512,104.6162403,108.2164329,115.741475,108.7668593,106.9727891,107.2483221,107.6612903,108.6713287,108.3284111,109.7128378,113.6296296,108.4792994,106.0549121,110.1286614,110.1539292,110.8882521,109.5663702,109.9690402,108.6102516,109.0115199,108.6924763,111.9047619,105.6142035,112.0754717,108.5310734,112.7149089,110.4191868,109.6401901,101.9031703,108.2835821,105.625,107.7084426,106.785317,108.6972291,108.5617087,108.5953878,105.6034483,103.7681503,108.6086957,107.2916667,112.0056085,114.2978093,110.6635071,111.1377246,110.9111361,110.6820049,108.7533156,111.8421053,108.1230284,109.6969697,107.421014,114.8347943,109.1304348,107.1757735,112.0980926,111.4145276,110.8733372,114.1530055
48,117.4509804,108.7088224,106.8758344,114.6903015,111.6335996,117.6102503,119.1317516,116.7753151,114.8041475,118.062148,111.4127262,114.433294,114.0067838,112.3748034,109.7696382,114.8148148,107.8830824,120.0854701,,110.2798233,109.0285111,120.8395802,116.1781946,107.4909091,119.1470844,115.5494126,113.6925795,115.5457108,114.9667839,113.9662613,113.2006286,110.9589041,110.0872093,104.6440489,108.3166333,115.9397304,108.7668593,107.3129252,107.4496644,107.7698511,108.8578089,108.4465446,109.9662162,113.6296296,108.5788217,106.2904899,110.3202847,110.3969754,110.9837631,109.7160452,110.0928793,108.7178797,109.1973244,108.8020453,112.0915033,105.806142,112.2641509,108.700565,113.1318963,110.4246472,109.7533379,101.907419,108.4328358,105.7291667,107.9181961,106.785317,108.8785725,108.5617166,108.9098532,105.6551724,103.7878788,108.7717391,107.345679,112.0197585,114.4830141,110.4265403,111.3772455,111.023622,110.7641742,109.0185676,112.0300752,108.1230284,109.7727273,107.6414401,114.9696561,109.3913043,107.3074391,112.2615804,111.6329874,111.1046848,113.989071
49,117.6143791,109.2767891,107.0761015,114.9144254,111.8010822,117.7443385,119.2327108,116.8622338,115.0057604,118.4418708,111.6170461,114.5218418,114.1046269,112.5569075,109.8494034,115.2421652,108.3259522,120.4415954,,110.5154639,109.186906,121.2893553,116.3735834,107.7090909,119.3646649,115.7567381,113.8250883,115.787354,115.1621727,114.1231856,114.5625982,111.1681887,110.247093,104.6718576,108.4168337,116.0983347,108.9595376,107.2278912,107.6510067,107.8784119,108.997669,108.6237448,110.2195946,114,108.6285828,106.5372858,110.511908,110.5860113,111.1986628,109.9726309,110.2167183,108.8255079,109.3831289,108.9481373,112.2315593,105.8541267,112.4528302,109.039548,113.34039,110.4273774,110.0927812,101.9095434,108.5820896,105.6770833,108.0755113,106.8708822,109.2412592,108.6679414,109.067086,105.862069,104.229798,108.9347826,107.5,112.349067,114.5756165,110.5450237,111.497006,111.2485939,111.010682,109.0185676,112.2180451,108.4384858,109.9242424,107.7149155,115.037087,109.5652174,107.4391047,112.4250681,111.8514473,111.2203586,114.4808743
50,117.7777778,109.693298,107.376502,115.0977995,112.1102809,117.8784267,119.5103483,117.12299,115.2073733,118.6950193,111.8797431,114.8170012,114.20247,112.780399,109.9291685,115.2421652,108.3259522,121.011396,,110.6332842,109.345301,121.5892054,116.5298945,107.7818182,119.5822454,116.0331721,114.0459364,115.8679017,115.2403283,114.358572,114.6673651,111.3584475,110.4651163,105.0055617,108.5170341,116.2172879,109.1522158,107.5680272,107.7852349,107.971464,109.2773893,108.9190786,110.3040541,114.1851852,108.6534634,106.7840817,110.6761566,110.8425601,111.3658071,110.2292166,110.3818369,109.0676712,109.6897064,109.1855369,112.4183007,105.9980806,112.5471698,109.2090395,113.5488838,110.4287424,110.2625028,101.9106056,108.6567164,106.09375,108.2328264,107.1275777,109.4226026,109.30529,109.1457023,106.0689655,104.4507576,109.0978261,107.654321,112.5137212,114.6682189,110.9004739,111.7365269,111.4735658,111.2571898,109.2838196,112.0300752,108.4384858,110.0757576,107.7149155,115.3068105,109.7391304,107.5707702,112.5885559,112.0152922,111.3938693,114.6448087
51,118.1045752,109.9583491,107.4766355,115.3728606,112.0845143,118.057211,119.7879859,117.2533681,115.437788,118.9481678,112.0548745,115.1121606,114.4112019,112.9956129,110.0376492,115.5982906,108.5031001,121.1538462,,110.8689249,109.4508976,122.113943,116.7252833,107.5636364,119.7998259,116.2404976,114.2226148,116.069271,115.4747948,114.5154963,114.8245155,111.5296804,110.5813953,105.1724138,108.6172345,116.3362411,109.1522158,107.4829932,108.0536913,108.0645161,109.3240093,109.0667454,110.4307432,114.3703704,108.6783439,106.9635696,110.8814673,111.0923575,111.4613181,110.4943551,110.5634675,109.1887529,109.8429952,109.3133674,112.605042,106.1900192,112.8301887,109.2937853,113.8054914,110.429425,110.6019461,101.9111367,108.8059701,106.25,108.3377032,107.1275777,109.5132743,109.4646272,109.2243187,106.3448276,104.5612374,109.3152174,107.8703704,112.5960483,115.1709176,110.7819905,111.8562874,111.5860517,111.4215283,109.2838196,112.406015,108.4384858,110.2272727,107.7883909,115.5091032,109.7391304,107.7024358,112.8065395,112.1791371,111.56738,114.8087432
52,118.3006536,110.4127225,107.777036,115.6479218,112.4967792,118.29559,119.9394245,117.3837462,115.6682028,119.1063857,112.3175715,115.2597403,114.5807967,113.194272,110.1844171,115.5270655,108.591674,121.2962963,,110.9867452,109.5036959,122.0389805,116.9988277,107.8545455,120.0174064,116.3787146,114.3551237,116.3109142,115.7483392,114.6331895,114.9292823,111.7009132,110.8139535,105.2558398,108.7174349,116.6534496,109.344894,107.8231293,108.2550336,108.2816377,109.5104895,109.2144123,110.5574324,114.5185185,108.9171975,107.6646942,111.0320285,111.342155,111.7000955,110.6269244,110.745098,109.3098345,109.9962839,109.4594595,112.8384687,106.1900192,113.0188679,109.3361582,113.8054914,110.4297663,110.7716678,101.9114022,108.9552239,106.3020833,108.4950184,107.298708,109.5586102,109.5442957,109.3291405,106.4827586,104.6164773,109.423913,107.9783951,112.6783754,115.4222669,111.0189573,112.0958084,111.6985377,111.5036976,109.2838196,112.2180451,108.4384858,110.3030303,108.008817,115.7113958,109.9130435,107.8341014,112.8610354,112.342982,111.6830538,114.9180328
53,118.4640523,110.6020447,107.9439252,115.8720456,112.6513785,118.533969,120.0908632,117.6662321,115.7834101,119.4544649,112.4635143,115.40732,114.7503914,113.3515437,110.3439474,115.7051282,108.680248,121.5811966,110.2439024,111.1045655,110.1900739,122.4137931,117.116061,107.8545455,120.2349869,116.6551486,114.5759717,116.5122835,115.8655725,114.8293448,115.1388161,111.9101979,110.9447674,105.3392659,108.9178357,116.9706582,109.2485549,107.9931973,108.4563758,108.4987593,109.6503497,109.3916125,110.7263514,114.6666667,108.9171975,108.0152565,111.2236518,111.7067243,111.747851,110.7594937,111.0257998,109.4174627,110.2192493,109.6055515,112.9785247,106.3339731,113.1132075,109.3785311,114.126251,110.4301075,110.8565286,101.911535,109.1044776,106.3020833,108.7047719,107.6409686,109.5812781,109.58413,109.7484277,106.5517241,104.6440972,109.75,108.0864198,112.9527991,115.5479416,111.1374408,112.3353293,111.9235096,111.6680362,109.2838196,112.2180451,108.6750789,110.4545455,108.0822924,115.7113958,110.173913,107.965767,113.0790191,112.5614418,111.8565645,115.2459016
54,118.6601307,110.5263158,108.2109479,116.1776691,112.8317444,118.6531585,120.2927814,117.807475,115.8986175,119.739257,112.7262113,115.5844156,114.9852148,113.500538,110.4907153,115.8831909,108.768822,122.008547,110.5226481,112.0471281,110.4540655,122.7886057,117.2332943,108.2909091,120.278503,116.8624741,114.7526502,116.7942006,116.0218835,115.0255002,115.3483499,112.0814307,111.119186,105.7285873,109.0180361,117.1292625,109.6339114,108.0782313,108.590604,108.6228288,109.7435897,109.5688128,110.9797297,114.962963,109.116242,108.1905376,111.374213,111.8890089,111.8672397,110.8963394,111.1578947,109.5789049,110.3307321,109.7881665,113.1185808,106.3819578,113.3018868,109.7175141,114.3187067,111.1290323,110.9413895,101.9116014,109.2537313,106.5104167,108.862087,107.8120989,109.5926121,109.6239643,109.7484277,106.6206897,104.6579072,109.9130435,108.3950617,113.090011,115.6107789,111.2559242,112.4550898,112.0359955,111.914544,109.0185676,112.406015,108.6750789,110.4545455,108.2292432,115.8462576,110.3478261,108.0974325,113.1880109,112.7252867,111.9722383,115.1912568
55,118.7908497,110.8670958,108.3778371,116.4731051,113.0636434,118.772348,120.4946996,117.9487179,116.1866359,120.0082273,112.9013427,115.7024793,115.1591581,113.6495323,110.6374832,116.0968661,109.3002657,122.2222222,110.7317073,112.5184094,110.5596621,122.9385307,117.3505275,108.5090909,120.5395997,117.0697996,114.9293286,116.9955699,116.2954279,115.2608866,115.5578837,112.2716895,111.2354651,105.9232481,109.3186373,117.2878668,109.8265896,108.1632653,108.7248322,108.7468983,109.9300699,109.6869462,111.0641892,115.1111111,109.2157643,108.2781782,111.5384615,111.9801512,112.0105062,111.0331851,111.2899897,110.0968653,110.4422148,109.9342586,113.2586368,106.5738964,113.3962264,110.0564972,114.4470105,111.4784946,111.1111111,101.9116346,109.4029851,106.71875,109.0194022,107.9832292,109.603946,109.8364139,109.7484277,106.8275862,104.6648122,110.076087,108.5493827,113.1586169,115.6421976,111.3744076,112.6946108,112.2609674,111.914544,109.5490716,112.406015,108.9116719,110.6060606,108.2292432,115.9136885,110.4347826,108.2290981,113.3514986,112.7799017,112.145749,115.3005464
56,118.8235294,111.737978,108.5781041,116.6208231,113.2697758,118.8915375,120.7470974,118.1225554,116.359447,120.2771976,113.076474,115.9976387,115.3244042,113.8399139,110.8161572,116.3105413,109.1231178,122.5071225,110.9407666,112.7540501,110.6652587,123.3133433,117.6240719,108.2181818,120.670148,117.2080166,115.0618375,117.1163915,116.4126612,115.4178109,115.6626506,112.3668189,111.4098837,106.0205784,109.4188377,117.4464711,109.7302505,108.2908163,108.8590604,108.9019851,110.0699301,109.8050797,111.1486486,115.3333333,109.3152866,108.3219985,111.7027101,112.0712935,112.1537727,111.2897708,111.620227,110.3558456,110.5165366,110.0438276,113.5854342,106.7178503,113.6792453,109.9435028,114.6394663,111.6532258,111.2808328,101.9116512,109.4029851,106.7708333,109.124279,108.1971421,109.7490207,110.0488634,109.8008386,106.9310345,104.6682647,110.1847826,108.6265432,113.1929199,115.6736163,111.6113744,112.6946108,112.2609674,112.1610518,109.5490716,112.5,108.9116719,110.8333333,108.4496694,116.0485502,110.6956522,108.4265964,113.5149864,112.9983616,112.3192597,115.4098361
57,119.1176471,111.7001136,108.7116155,116.7685412,113.3213089,119.1001192,120.9994952,118.2094741,116.5034562,120.4987026,113.2807939,116.2042503,115.4896504,114.038573,110.9118754,116.4529915,109.3445527,122.7207977,111.1498258,112.8718704,110.876452,123.0134933,117.780383,108.6545455,120.8006963,117.4153421,115.1943463,117.4788562,116.4908167,115.496273,115.8198009,112.5951294,111.5116279,106.0692436,109.5190381,117.7636796,109.9229287,108.4183673,109.1275168,108.9795285,110.3030303,109.9232132,111.2753378,115.5555556,109.4347134,108.3439086,111.9490829,112.3008372,112.2970392,111.4180636,111.6697626,110.4853357,110.7023411,110.1899196,113.8188609,106.9097889,113.6792453,110.1694915,114.8960739,111.7405914,111.3939805,101.9116595,109.5522388,106.71875,109.2553749,108.3040986,109.8215581,110.2613129,109.8532495,106.9827586,104.6699909,110.2391304,108.6651235,113.2272228,115.9911102,111.8483412,112.9341317,112.4859393,112.243221,109.8143236,112.593985,108.9116719,110.9090909,108.5966201,116.4531355,110.7826087,108.4924292,113.5694823,113.1622064,112.5506073,115.5191257
58,119.5098039,112.0030292,108.9118825,116.9519152,113.5532079,119.3087008,121.0752145,118.2963929,116.6474654,120.688564,113.543491,116.4108619,115.7766568,114.2537869,111.0586434,116.5954416,109.5659876,123.005698,111.2543554,112.9307806,111.0348469,123.3133433,117.8194607,108.8,121.0182768,117.5535591,115.3268551,117.5996778,116.7252833,115.6924284,115.8721844,112.7092846,111.6860465,106.0935762,109.6192385,117.961935,110.0674374,108.5884354,109.3959732,109.057072,110.4895105,110.0413467,111.402027,115.7037037,109.5541401,108.3658188,112.1543936,112.415609,112.3686724,111.5463565,111.7853457,110.5500807,110.8324043,110.3542732,114.0056022,107.0057582,113.6792453,110.3954802,115.0885296,111.7842742,111.5071283,101.9116636,109.7014925,106.9270833,109.3864709,108.411055,109.9666328,110.3675377,110.0628931,107.0086207,104.670854,110.2934783,108.7037037,113.7211855,116.1498571,111.492891,113.0538922,112.7109111,112.4075596,110.3448276,112.9699248,108.9116719,110.9848485,108.5966201,116.5205664,110.9565217,108.6240948,113.73297,113.3806663,112.6662811,115.6830601
59,119.6405229,112.3059447,109.1789052,117.1454768,113.8108735,119.4874851,121.1509339,118.5571491,116.8202765,120.8784254,113.6894337,116.5289256,115.92016,114.3531165,111.2054113,116.9871795,109.6545616,123.2193732,111.358885,112.9602356,111.1932418,123.6131934,118.1320828,108.8727273,121.1923412,117.6917761,115.5477032,117.5996778,116.8815944,115.7708905,116.0817182,112.9185693,111.8459302,106.1057425,109.8196393,118.1601903,110.2119461,108.7585034,109.4630872,109.2431762,110.5361305,110.1594802,111.6554054,115.7777778,109.7531847,108.6350506,112.3049548,112.5303808,112.6074499,111.6746493,112.1651187,110.5824532,111.0182088,110.5003652,114.1923436,107.0537428,113.9622642,110.4519774,115.2809854,111.8061156,111.67685,101.9116657,109.8507463,107.1354167,109.4913477,108.411055,109.9666328,110.4206501,110.0628931,107.0344828,104.6712856,110.4021739,108.8271605,113.9681668,116.2292306,111.9668246,113.2934132,112.7109111,112.4897288,110.0795756,112.7819549,108.9116719,111.1363636,108.5966201,116.7228591,111.1304348,108.7557604,113.9509537,113.5445112,112.7819549,115.8469945
60,119.9019608,112.7981825,109.3791722,117.3390383,113.8624066,119.7258641,121.4033317,118.7309865,116.9930876,121.1632175,113.8353765,116.7060213,116.0636632,114.5352206,111.3521792,117.1830484,109.7431355,123.3618234,111.5853659,112.9749632,111.2988384,124.0629685,118.2102384,109.0181818,121.3664056,117.8991016,115.6360424,117.7204994,117.3896053,115.9278148,116.3436354,113.0707763,111.9476744,106.1118256,109.9198397,118.3187946,110.4046243,108.8435374,109.5302013,109.3672457,110.6526807,110.3957472,111.8243243,115.8518519,109.852707,108.7696665,112.4281413,112.6924116,112.7029608,111.8029422,112.255934,110.5986395,111.1296916,110.5734112,114.4724556,107.1017274,114.1509434,110.5084746,115.4092892,111.827957,111.6202761,101.9116667,110,107.2916667,109.6486628,108.4966202,110.0391702,110.4472063,110.3773585,107.862069,104.6715014,110.6195652,108.8888889,114.0916575,116.3086041,111.9668246,113.4131737,112.8233971,112.7362366,110.3448276,112.9699248,108.9116719,111.1363636,108.6700955,116.7228591,111.3043478,108.8874259,114.0599455,113.6537411,112.8976287,115.6284153
61,120.0653595,113.5554714,109.5126836,117.5020375,114.068539,119.7854589,121.6557294,118.9482834,117.1947005,121.3530789,114.068885,116.8831169,116.4811272,114.6428276,111.5340438,117.2809829,109.8317095,123.8603989,111.8118467,112.982327,111.4572334,124.2878561,118.3274717,109.1636364,116.7101828,118.0373186,115.7685512,117.841321,117.6240719,116.0847391,116.4484023,113.261035,112.1075581,106.1179088,110.0200401,118.4773989,110.4046243,108.9285714,109.7986577,109.4913151,110.7692308,110.5729474,111.9087838,116.1481481,109.9522293,108.9042825,112.633452,112.9354577,112.8223496,112.0680807,112.3467492,110.6067326,111.9936826,110.7012418,114.659197,107.2456814,114.3396226,110.6214689,116.307416,112.2043011,111.8465716,101.9116672,110,107.3958333,109.805978,108.6677505,110.1842449,110.4737625,110.7966457,108.2758621,104.6716093,110.8369565,108.9506173,114.1534029,116.3879776,111.8483412,113.6526946,112.8233971,112.9827445,110.6100796,113.1578947,108.9116719,111.4393939,108.7435709,116.7228591,111.4782609,108.8874259,114.1144414,113.817586,113.0711394,116.0655738
62,120.1960784,113.6690647,109.6461949,117.6854116,114.3519711,120.0238379,121.933367,119.2959583,117.3963134,121.6536928,114.2440163,117.0011806,116.6898591,114.8497641,111.6249761,117.3299501,110.0088574,123.8603989,111.9163763,112.9896907,111.6684266,124.5127436,118.444705,109.1636364,121.6710183,118.2446441,115.9010601,118.1635119,117.7413052,116.1632013,116.5531692,113.3751903,112.2383721,106.2291435,110.2204409,118.6360032,110.5009634,109.0136054,109.9328859,109.6153846,110.955711,110.6910809,112.0777027,116.1481481,110.0318471,109.0613344,112.7977005,113.1244937,113.0372493,112.20065,112.495356,110.6148258,112.4256782,110.8473338,114.7525677,107.43762,114.4339623,110.7344633,115.6658968,112.3924731,112.0445802,101.9116675,110.1492537,107.3958333,109.8584164,108.6677505,110.3293196,110.686212,110.7966457,108.4827586,104.6716632,111.0543478,109.1358025,114.1842755,116.467351,112.0853081,113.7724551,113.1608549,113.0649137,110.3448276,112.9699248,108.9116719,111.5151515,108.9639971,116.9251517,111.5652174,109.0849243,114.1689373,113.9814309,113.1868132,116.2295082
63,120.2614379,113.7826581,109.8130841,117.9299104,114.3777377,120.2622169,122.0721858,119.4697957,117.2235023,121.9543067,114.4191477,117.1192444,116.7942251,114.973926,111.7159084,117.3544338,110.1860053,124.1452991,112.0557491,112.9307806,111.8268215,124.5877061,118.6400938,109.3090909,116.9277633,118.4519696,116.0335689,118.3246073,117.8585385,116.3593566,116.762703,113.5083714,112.3401163,106.2847608,110.4208417,118.8739096,110.6936416,109.1411565,110.0671141,109.6774194,111.048951,110.8092144,112.1621622,116.1481481,110.111465,109.1847323,112.9071996,113.3337834,113.1327603,112.2669347,112.6439628,110.776268,112.641676,110.9751644,114.9393091,107.6295585,114.6226415,110.7909605,115.9225045,112.4865591,112.2425888,101.9116676,110.3731343,107.4479167,109.9632931,108.8388808,110.510663,111.0048863,110.7966457,108.5862069,104.6717172,111.1086957,109.2283951,114.2151482,116.6525558,112.5592417,113.8922156,113.3858268,113.2292523,110.6100796,112.9699248,108.9116719,111.6666667,108.9639971,117.1274444,111.7391304,109.1507571,114.386921,114.0906608,113.3603239,116.3934426
64,120.4901961,114.4263537,110.0133511,118.1132844,114.6354032,120.4112038,122.2110045,119.5567145,117.0506912,122.0492374,114.594279,117.2373081,116.8464081,115.1311977,111.8116266,117.3789174,110.4517272,124.4301994,112.2299652,113.2547865,111.8268215,124.8875562,118.7964048,109.3818182,117.1018277,118.6592951,116.1660777,118.4857028,118.1711606,116.555512,116.8674699,113.6796043,112.5,106.3403782,110.6212425,119.1911182,110.6936416,109.204932,110.1342282,109.7394541,111.1421911,111.0454814,112.4155405,116.2962963,110.2707006,109.3642202,113.0714481,113.4384283,113.2999045,112.3332193,113.1062951,110.8502623,112.7496748,111.0847334,115.0793651,107.6775432,114.7169811,110.8474576,116.2111881,112.5336022,112.2991627,101.9116677,110.4477612,107.65625,110.0681699,108.924446,110.6013347,111.1642235,111.1111111,108.637931,105.4292929,111.1358696,109.2746914,114.4895719,116.7451582,112.4407583,114.011976,113.3858268,113.3935908,110.8753316,113.1578947,108.9905363,111.6666667,109.1109478,117.1274444,111.826087,109.3482554,114.4959128,114.2545057,113.4759977,116.4480874
65,120.620915,114.8049981,110.246996,118.2559087,114.8157691,120.4856973,122.5391217,119.6001738,117.5691244,122.3656731,114.7694104,117.4734357,116.8985911,115.2470822,111.9647757,117.8062678,110.4517272,124.8575499,112.3519164,113.4167894,111.9324182,125.1124438,118.9917937,109.5272727,117.2758921,118.8666206,116.2985866,118.6870721,118.444705,116.7124362,116.9722368,113.8888889,112.630814,106.5628476,110.6713427,119.3893735,110.8863198,109.2687075,110.2013423,109.9255583,111.2354312,111.2817484,112.5422297,116.4444444,110.3503185,109.4651822,113.2083219,113.5430732,113.443171,112.5384879,113.3209494,110.9242567,112.8036743,111.1851717,115.2194211,107.7255278,114.9056604,111.1299435,116.3555299,112.5571237,112.4971713,101.9116677,110.5970149,107.7604167,110.1992659,109.1383589,110.6920064,111.2438921,111.3207547,108.6637931,105.8080808,111.1630435,109.3209877,114.6267838,116.8377606,112.6777251,114.1317365,113.6107987,113.5579293,110.8753316,113.1578947,109.0694006,111.7424242,109.1844232,117.4645988,112,109.4140882,114.6594005,114.4183506,113.6495084,116.6120219
66,120.8169935,115.0321848,110.3471295,118.4392828,115.0734347,120.5601907,122.7031802,119.6436332,118.0875576,122.5397127,114.9445417,117.7095632,117.0986258,115.4126314,112.0892094,118.0555556,110.806023,125,112.4738676,113.4977909,112.1436114,125.1124438,119.0699492,109.6,122.410792,119.0739461,116.4310954,118.8884414,119.0699492,116.8301295,116.9722368,114.0030441,112.7034884,106.6740823,110.7214429,119.5876289,110.8863198,109.3537415,110.2684564,110.0186104,111.3053613,111.3998819,112.6689189,116.8888889,110.3901274,109.9756009,113.3041336,113.7321091,113.5864374,112.7266507,113.378741,111.0856989,112.830674,111.2856099,115.4061625,107.9174664,115.0943396,111.2711864,116.4998717,112.5688844,112.6951799,101.9116678,110.5970149,107.8645833,110.3303618,109.2453153,110.7645437,111.2837264,111.3207547,108.6767241,105.9974747,111.1630435,109.5061728,114.6953897,116.8642184,112.6777251,114.3712575,113.6107987,113.6400986,110.8753316,113.3458647,109.0694006,111.8939394,109.1844232,117.6668914,112.173913,109.479921,114.8228883,114.5821955,113.7651822,116.6666667
67,120.3594771,115.562287,110.5807744,118.6226569,115.2022675,120.8581645,122.7852095,119.7740113,118.202765,122.7137523,115.0904845,117.9456907,117.159506,115.5533482,112.213643,118.1801994,110.806023,125.2849003,112.543554,113.5787923,112.3020063,125.4872564,119.265338,109.8181818,117.4934726,119.2121631,116.6077739,118.8884414,119.2262603,116.9085916,117.2865375,114.1171994,112.8197674,106.7296997,110.8216433,119.666931,111.0789981,109.4387755,110.3355705,110.1116625,111.3752914,111.4589486,112.7533784,116.8888889,110.4299363,110.2308102,113.4136326,113.8266271,113.6580707,112.8207321,113.4365325,111.1933271,112.8441739,111.395179,115.3594771,108.0614203,115.0943396,111.4124294,117.2696946,112.5747648,112.8083277,101.5820699,110.7462687,107.8645833,110.4352386,109.2987935,110.9096185,111.3235607,111.5303983,108.6831897,106.0921717,111.4347826,109.691358,114.7639956,116.8906763,112.5592417,114.6107784,113.8357705,113.7222679,110.3448276,113.3458647,109.148265,112.0454545,109.2578986,117.5994606,112.173913,109.5457538,114.8773842,114.7460404,113.880856,116.8306011
68,120.4901961,116.3195759,110.6809079,118.7652812,115.2795671,121.0071514,122.8672388,120.0782269,118.2891705,123.0618315,115.2656159,118.0047226,117.4117238,115.6857876,112.3667922,118.3048433,110.806023,125.4273504,112.6829268,113.5198822,112.407603,125.7121439,119.3825713,109.8909091,117.5369887,119.3503801,116.7402827,119.0495369,119.2262603,117.0655159,117.4436878,114.2884323,112.9796512,106.7575083,110.9218437,119.8255353,111.1753372,109.5238095,110.5369128,110.235732,111.5850816,111.5180154,112.8378378,117.037037,110.7085987,110.3584149,113.5231317,113.921145,113.7297039,112.9148135,113.8493292,111.3144087,112.8509238,111.5230095,115.4995331,108.109405,115.2830189,111.6384181,116.8206313,112.577705,112.9214754,101.252472,110.8208955,107.96875,110.6974305,109.3522718,111.0546932,111.3235607,111.6352201,108.6864224,106.1395202,111.5706522,109.8148148,115.1756312,117.1023389,112.6777251,114.6107784,113.8357705,113.8866064,110.8753316,113.9097744,109.384858,112.0454545,109.4048494,117.5994606,112.173913,109.6774194,115.0408719,114.9098853,113.9965298,117.0491803
69,120.8169935,116.9632715,110.8477971,118.9282804,115.4341665,121.1561383,123.0186774,120.3172534,118.375576,123.1567622,115.4991243,118.0637544,117.7770047,115.818227,112.3412673,118.4472934,110.9831709,125.7122507,112.7526132,114.1384389,112.5659979,125.5622189,119.5779601,110.0363636,117.7980853,119.5577056,116.9169611,119.3314539,119.3825713,117.2224402,117.5484547,114.4406393,113.0813953,106.785317,110.9218437,120.1427439,111.3198459,109.6088435,110.738255,110.3598015,111.6899767,111.6361488,113.1334459,117.1851852,110.8479299,110.4222172,113.6600055,114.1101809,113.9207259,113.2911392,114.0557276,111.4354904,112.8542988,111.6325785,115.5929038,108.2533589,115.3773585,111.5254237,117.2376187,112.5791751,113.119484,100.9887937,110.8208955,108.0208333,110.8285265,109.6089672,110.9821558,111.5891226,111.7400419,108.6880388,106.1631944,111.638587,109.9382716,115.381449,117.3140015,112.7962085,114.8502994,114.0607424,114.0509449,111.1405836,114.1917293,109.5425868,112.1212121,109.2578986,117.7343223,112.4347826,109.8090849,115.1498638,115.0191152,114.0543667,117.0491803
70,121.4379085,117.3040515,111.0814419,119.2135289,115.5887658,121.3945173,123.0943968,120.4367666,118.5195853,123.4731979,115.6450671,118.2408501,117.9379022,115.9920536,112.5518474,118.5897436,110.894597,126.0683761,112.8745645,114.4477172,112.6187962,126.011994,119.6951934,110.1090909,117.8851175,119.7650311,117.0936396,119.3717277,119.3825713,117.3793645,117.705605,114.5928463,113.1686047,106.8409344,110.9719439,120.3013481,111.4643545,109.8214286,111.1409396,110.483871,111.7948718,111.724749,113.28125,117.4814815,110.9175955,110.4541184,113.7831919,114.2992169,114.0639924,113.4793021,114.1589267,112.0274452,112.8559862,111.7604091,115.7796452,108.3493282,115.4716981,111.7514124,117.6546061,112.5799101,113.3174926,100.8569545,111.0447761,108.2291667,110.9596224,109.5234021,110.9821558,111.8546845,111.8448637,108.688847,106.1750316,111.7065217,110.0617284,115.4843578,117.4727484,113.1516588,114.9700599,114.1732283,114.2152835,111.4058355,114.3327068,109.7791798,112.1969697,109.2578986,117.6668914,112.6956522,109.9407505,115.3133515,115.1283452,114.1700405,117.1584699
71,121.5359477,117.9098826,111.2817089,119.193154,115.7691317,121.6328963,123.1701161,120.5562799,118.6635945,123.6630593,115.7618214,118.4179457,118.018351,116.0913832,112.6507562,118.7321937,111.3374668,126.4245014,112.9965157,114.6023564,112.7771911,126.161919,119.773349,110.1818182,118.102698,119.9032481,117.1819788,119.5730971,119.3825713,117.5755198,117.7579885,114.7260274,113.1976744,106.8965517,111.0220441,120.4599524,111.4643545,109.9277211,111.5436242,110.483871,112.004662,111.8133491,113.355152,117.4814815,110.9524283,110.470069,113.8516288,114.3937348,114.1833811,113.5733835,114.2621259,112.3234226,112.85683,111.8882396,115.9197012,108.4932821,115.8490566,111.8644068,117.2055427,112.5806452,113.3740665,100.6591958,111.0447761,108.3333333,110.9596224,109.6945324,111.0546932,111.9609093,111.9496855,108.6892511,106.1809501,111.8152174,110.1234568,115.5358123,117.4198328,112.9146919,114.9700599,114.2857143,114.379622,111.6710875,114.4031955,109.9369085,112.2727273,109.1844232,118.0714767,112.6086957,109.9407505,115.4768392,115.2375751,114.2857143,117.2677596
72,121.6013072,118.3263915,111.4152203,119.3357783,115.923731,121.7818832,123.3215548,120.6431986,118.9228111,123.8529207,115.9369527,118.4769776,118.0987998,116.2196838,112.749665,118.8746439,111.5146147,126.6381766,113.0313589,114.7569956,112.8827878,126.011994,119.9687378,110.3272727,118.1462141,120.1105736,117.3586572,119.7341925,119.4607268,117.7324441,117.9675223,114.8401826,113.372093,106.9521691,111.2224449,120.6978588,111.6570328,110.0340136,111.7449664,110.6079404,112.1095571,111.9905493,113.4290541,117.7777778,110.9698447,110.4860196,114.0706269,114.4882528,114.2550143,113.6204242,114.4602683,112.4714113,112.8572519,111.9978086,116.0597572,108.5892514,115.8490566,111.9774011,117.3338465,112.7956989,113.4872143,101.5820699,111.1940299,108.3333333,111.0644992,109.6945324,111.1997679,112.0140217,112.1593291,108.6896552,106.1839094,112.0326087,110.1851852,115.5615395,117.6579532,113.0331754,115.0898204,114.3982002,114.4617913,111.9363395,114.4384398,110.0157729,112.3484848,109.4048494,118.2063385,112.7826087,110.1382488,115.4768392,115.40142,114.4013881,117.3770492
73,121.5359477,118.5157137,111.481976,119.5395273,116.1298634,121.8563766,123.4729934,120.9039548,119.1820276,124.1693564,116.1120841,118.6540732,118.1596799,116.3479844,112.8836705,119.0527066,111.6031887,126.7094017,113.0313589,114.9926362,113.093981,126.4617691,120.1250488,110.3272727,118.2767624,120.3178991,117.4028269,119.7744664,119.4998046,117.8501373,118.0722892,114.9733638,113.5319767,107.0077864,111.4228457,120.8564631,111.6570328,110.1190476,111.9463087,110.7940447,112.2144522,112.0496161,113.597973,117.7777778,110.9872611,110.5645455,114.1664385,114.6165271,114.3027698,113.6439446,114.5758514,112.5454056,112.8576737,112.0708546,116.2464986,108.7332054,115.754717,112.0903955,117.5904542,112.7956989,113.6003621,101.9116678,111.3059701,108.3333333,111.2218144,109.7800975,111.3811113,112.0405779,112.3165618,109.9310345,106.185389,112.1413043,110.308642,115.5744031,117.7770134,113.1516588,115.2095808,114.3982002,114.4617913,111.6710875,114.456062,110.0157729,112.4242424,109.331374,118.2737694,112.7826087,110.1382488,115.640327,115.5106499,114.5748988,117.431694
74,121.9607843,118.5914426,111.682243,119.7432763,116.2071631,121.9308701,123.5739525,120.9691439,119.3548387,124.3592178,116.316404,118.7131051,118.3379718,116.5218111,112.9538638,119.1417379,111.6917626,126.7806268,113.2404181,115.2282769,113.1467793,126.6866567,120.1250488,110.4727273,118.4508268,120.4561161,117.5795053,119.9355618,119.6951934,118.0070616,118.2294395,115.1445967,113.5901163,107.1746385,111.4729459,121.1736717,111.849711,110.1190476,112.0805369,110.8560794,112.2610723,112.2268163,113.6824324,117.9259259,111.2261146,110.7103794,114.3033123,114.7448015,114.3744031,113.6557048,114.8070175,112.5824028,112.9134151,112.1621622,116.43324,108.7332054,115.8490566,112.3728814,117.718758,112.9032258,113.7135098,102.2412657,111.4179104,108.59375,111.2742528,109.8656627,111.471783,112.0671341,112.4737945,110.5517241,106.1861289,112.1956522,110.4320988,115.5808349,117.8960737,113.2701422,115.3293413,114.5106862,114.6261298,111.6710875,114.4648731,110.1735016,112.4242424,109.6252755,118.2737694,112.8695652,110.3357472,115.7493188,115.6744948,114.6905726,117.5956284
75,121.8627451,118.7807649,111.8157543,119.8451508,116.3617624,122.1990465,123.7253912,121.0343329,119.5276498,124.5490792,116.4623468,118.8902007,118.5162637,116.6045857,113.0687257,119.2307692,111.8689105,127.0655271,113.4494774,115.5522828,113.4107709,127.2863568,120.3204377,110.5454545,118.6248912,120.5943331,117.6678445,120.0966573,119.8124267,118.1247548,118.2818229,115.1826484,113.6918605,107.2580645,111.5230461,121.332276,111.849711,110.2891156,112.147651,110.9491315,112.3076923,112.4040165,113.7668919,118.0740741,111.3455414,110.8449954,114.4264988,114.852822,114.5415473,113.6674649,115.0712074,112.6009014,113.0156076,112.2352082,116.573296,108.8291747,116.2264151,112.5141243,117.9112138,113.0107527,113.8266576,106.1305208,111.4179104,108.6458333,111.4315679,109.9512279,111.5171188,111.9609093,112.3689727,110.862069,106.1864988,112.25,110.5555556,115.5840508,118.1606519,113.3886256,115.8083832,114.6231721,114.7904684,111.6710875,114.4692787,110.2523659,112.8030303,109.9926525,118.3412003,113.1304348,110.3357472,115.8583106,115.7837247,114.8062464,117.6502732
