Pulse,CMi1,CMi2,CMi3,CMi4,CMi5,CMi6,CMi7,CMi8,CM1,CM2,CM3,CM4,CM5,CM6,CM7,CM8,CM9,CM10,CM11,CM12,CM13,CM14,CM15,CM16,CM17,CM18,CM19,CM20,CM21,CM22,CM23,CM24,CM25,CM26
2,100.581134,100.482783,102.377138,101.862556,101.002426,100.523013,100.878349,101.217418,100.32529,100.220247,100.212674,100.191819,100.496749,100.245531,100.255609,100.369686,100.690919,100.113809,100.120265,100.0093,100.420757,100.311526,100.144092,100.103813,100.038975,100.12663,100.424779,100.406129,100.059934,99.942029,100.111173,100.494291,100.207423,100.644187
3,100.908624,101.613721,104.289184,102.646114,101.88354,101.17524,101.010101,101.459891,101.821623,100.582081,100.305719,100.570273,100.830925,100.356319,100.397614,100.739372,101.141352,100.132777,100.457005,100.297591,100.56101,100.519211,100.072046,100.273688,100.253337,100.154045,100.738938,100.713802,100.239736,99.9947299,100.265105,100.888957,100.414846,100.845496
4,101.476915,102.816676,105.224536,103.622351,102.451794,101.224465,101.449275,102.359062,102.3066,100.589947,100.571561,100.679144,101.083815,100.709645,100.624822,101.047443,101.729206,100.189681,101.118461,100.278992,100.981767,100.830737,100.360231,100.566251,100.526162,100.818527,101.022124,101.033783,100.239736,100.063241,100.119725,101.229979,100.422254,101.701057
5,101.746613,103.779574,105.880833,105.510597,103.626612,101.876692,102.108037,103.071328,102.365744,100.668607,100.880603,100.870963,101.66185,100.739587,100.795229,101.2939,102.179639,100.227618,101.118461,100.455687,101.12202,101.142264,100.648415,100.80219,100.682062,100.839415,101.327434,101.267614,100.539407,100.142292,100.115449,101.375584,100.629676,102.556618
6,102.067681,104.979862,106.723167,106.140013,105.235602,102.356633,101.796432,103.854314,102.95718,100.888854,101.212907,101.109441,102.077312,100.931221,100.937234,101.7252,102.458297,100.265554,101.346963,100.437087,101.12202,101.45379,100.720461,100.83994,100.779499,101.182752,101.579646,101.273768,100.719209,100.247694,100.26938,101.502031,100.970442,102.143936
7,102.591023,106.18015,107.472482,106.8465,107.393692,103.10731,102.371542,104.576682,103.069553,101.109101,101.305952,101.394577,102.248916,101.149804,101.221244,101.848429,102.565179,100.322458,101.635598,100.474286,101.402525,101.661475,101.080692,101.10419,100.96463,101.372045,101.986726,101.421451,100.899011,100.421607,100.235173,101.352594,101.177865,102.083543
8,103.085468,107.023019,107.942742,107.398844,108.549355,103.285749,103.118138,105.465751,104.29974,101.541729,101.57844,101.809321,103.134032,101.314489,101.221244,102.1565,102.672062,100.398331,101.575466,100.567284,101.823282,101.557632,101.29683,101.198565,101.062068,101.639665,102.168142,101.38453,101.10878,100.474308,100.607175,101.586328,101.385288,103.452441
9,103.753291,107.775199,108.50602,108.143866,110.203039,103.636476,103.205973,105.85977,104.5718,101.478801,101.910743,101.954482,103.305636,101.613917,101.505254,102.649415,102.744589,100.379363,101.924233,100.771878,101.823282,101.765317,101.440922,101.434504,101.247199,101.770212,102.358407,101.962956,101.348517,101.032938,100.483174,101.659131,101.326024,103.885254
10,104.189944,108.618068,108.836753,108.619139,111.722641,104.20256,103.381643,106.723581,104.684173,101.557461,102.123417,102.239618,103.721098,101.670809,101.590457,102.772643,102.679696,100.417299,102.062538,100.725379,102.244039,102.076843,101.585014,101.642129,101.344636,101.744103,102.681416,102.012184,101.378484,100.890646,100.637106,101.777914,101.600119,103.381983
11,104.713286,109.508949,109.44654,109.094412,113.363555,104.639429,103.623188,107.435846,104.903004,101.848502,102.24637,102.431438,104.217847,101.970237,101.760863,103.142329,102.855289,100.455235,102.200842,100.957872,102.384292,102.284528,101.873199,101.849755,101.481048,101.998668,102.849558,102.633684,101.468385,100.843215,100.701244,102.118936,101.674198,104.116759
12,104.982983,110.399829,110.195856,109.415543,113.638105,105.174748,103.864734,108.077389,105.121836,102.068749,102.518858,102.493649,104.389451,102.081025,101.902869,103.573629,102.927816,100.569044,102.393265,101.329861,102.524544,102.492212,102.017291,102.085693,101.685667,101.997363,102.938053,102.60907,101.798022,101.017128,100.547313,101.781746,101.881621,104.640161
13,105.666859,111.050652,110.38706,109.929351,114.391521,105.439331,104.523496,108.825015,104.648687,102.430583,102.934237,102.732127,104.497832,102.218762,102.101676,103.696858,103.000344,100.625948,102.549609,101.311262,102.945302,102.803738,102.233429,102.293318,101.900029,102.108328,103.446903,102.399852,102.157627,101.328063,100.551588,101.873707,102.089044,104.579768
14,106.103512,111.581446,110.717792,110.327553,113.909462,105.61777,104.501537,109.183673,105.45304,102.721624,103.093743,102.830629,104.669436,102.275654,102.243681,104.347231,103.004161,100.720789,102.778112,101.627453,102.945302,103.011423,102.305476,102.312193,102.065673,102.31198,103.823009,102.89213,102.217561,101.433465,100.795314,102.214729,102.363138,104.579768
15,106.581905,112.274946,111.281071,110.083494,114.045141,105.740832,104.479578,109.47161,105.671871,102.800283,103.246602,103.162424,105.166185,102.521185,102.385686,104.251386,103.042333,100.758725,102.790138,101.469357,103.225806,103.115265,102.59366,102.651944,102.24106,102.46472,103.632743,103.21211,102.037758,101.781291,100.731175,102.084451,102.503889,104.146955
16,107.329994,113.525913,112.216423,110.019268,114.18082,106.53458,104.45762,110.113154,106.10362,103.091324,103.548998,103.214267,105.74422,102.605024,102.527691,104.621072,103.11486,100.81563,103.05472,101.534456,103.366059,103.426791,102.809798,102.718007,102.309266,102.650096,104.079646,103.132115,102.547198,101.844532,100.675589,102.237719,102.844655,104.297937
17,107.622167,113.864661,112.175081,111.213873,114.129741,106.411519,104.435661,110.517276,106.215992,103.311571,103.731765,103.442376,105.328757,102.823607,102.726498,104.744301,103.256098,100.967375,103.138906,101.599554,103.506311,103.634476,102.881844,103.038883,102.445679,102.635736,104.261062,103.667467,102.816901,102.007905,100.611451,102.356502,102.985406,104.609965
18,108.116612,115.454376,112.924397,111.65061,114.512834,107.248339,104.435661,111.15882,106.488053,103.602612,104.004253,103.774172,105.906792,102.961344,102.868503,104.929144,103.22556,101.024279,103.223091,101.692551,103.646564,103.84216,103.170029,103.303133,102.737991,102.640958,104.469027,104.202818,103.026671,102.245059,100.615727,102.858457,103.192829,104.97232
19,108.66885,117.044091,113.16211,111.856134,114.908696,107.426778,105.445762,111.305314,106.600426,103.539684,104.306649,103.965991,105.671965,103.152978,102.982107,105.360444,103.229377,101.100152,103.415514,101.785548,103.927069,104.049844,103.242075,103.539071,102.835428,102.754533,104.681416,104.122823,102.697033,102.31357,100.769658,102.494444,103.33358,104.700554
20,108.90323,117.196794,113.911426,112.292871,115.368408,107.734433,105.31401,112.063043,106.872486,103.830724,104.549231,104.15781,105.924855,103.317663,103.095711,105.730129,103.233195,101.081184,103.644017,102.018041,104.067321,104.049844,103.530259,103.605134,103.001072,102.840694,104.951327,104.313581,103.655978,102.772069,100.983452,102.693693,103.541003,105.203825
21,109.259616,117.273146,113.451501,112.498394,116.057975,108.300517,105.753184,112.421701,106.984859,103.909384,104.821719,104.220022,106.09646,103.4554,103.237717,105.976587,103.408787,101.213961,103.728202,102.250535,104.347826,104.361371,103.674352,103.92601,103.147228,102.979073,104.893805,104.621254,103.685945,102.761528,101.047591,102.954249,103.815097,105.072974
22,109.596738,117.349497,114.247326,112.973667,117.200868,108.263598,106.455863,112.391392,106.990774,104.412806,104.944672,104.365182,106.286127,103.620086,103.294519,106.223044,103.44696,101.270865,103.812387,102.315633,104.488079,104.672897,103.89049,103.85051,103.273897,102.95427,105.632743,105.156606,103.416242,103.046113,101.103177,103.161162,103.889177,104.871666
23,110.206768,117.464025,115.182678,113.949904,117.743583,108.398966,107.158542,112.643968,107.369293,104.208291,105.127438,104.650319,106.782876,103.757823,103.464925,106.469501,103.519487,101.327769,104.004811,102.157537,104.908836,104.776739,104.106628,104.058135,103.371334,103.10962,105.482301,105.390438,103.715912,102.86693,101.077522,102.984903,104.229943,105.022647
24,110.360881,117.559464,116.211049,114.03982,118.746009,109.32193,107.334212,113.189533,107.747812,104.8533,105.429834,104.748821,106.873194,103.949457,103.60693,106.531115,103.69508,101.346737,104.125075,102.473728,104.768583,104.984424,104.178674,104.209136,103.556465,103.210141,105.411504,105.095071,103.955649,102.935441,101.351178,103.138172,104.370694,104.750881
25,110.855327,117.654904,116.216216,114.245344,119.461116,109.629584,107.817303,113.371388,107.753726,105.215134,105.702323,104.94064,107.288656,104.033296,103.663732,106.715958,103.664542,101.441578,104.24534,102.901516,105.189341,105.192108,104.394813,104.473386,103.653902,103.358964,105.800885,105.987324,104.495055,103.541502,101.047591,103.149667,104.511445,105.042778
26,111.176395,115.857139,116.128365,114.181118,120.291151,109.32193,108.344313,114.023035,107.866099,105.152206,105.944904,105.215408,107.198338,104.090188,103.862539,107.982474,103.908845,101.517451,104.365604,102.855017,105.329593,105.29595,104.682997,104.577199,103.839033,103.355048,106.030973,106.036552,104.405154,103.567852,101.14166,103.490689,104.518853,105.707096
27,111.439671,115.994505,116.552116,114.502248,121.41489,109.814177,108.783487,114.144272,108.191389,105.514041,105.978134,105.407227,107.695087,104.227925,103.947742,107.208872,103.912662,101.631259,104.521948,102.892216,105.329593,105.399792,104.682997,104.747074,104.082627,103.422932,105.80531,106.184235,104.315253,103.472991,101.227177,103.421718,104.859619,104.942124
28,111.905221,116.131872,117.254922,114.592164,121.092453,110.121831,108.915239,114.290766,108.356991,105.521907,106.190808,105.45907,108.273121,104.39261,104.118148,107.578558,103.950834,101.688164,104.642213,103.152609,105.610098,105.607477,104.899135,104.813137,104.121602,103.464707,106.513274,105.975017,104.974528,103.747036,101.14166,103.923672,105.00037,104.952189
29,111.99512,116.494625,117.771691,114.836224,120.770017,110.127984,109.222661,114.614063,108.522593,105.954535,106.553019,105.744207,108.200867,104.449501,104.260153,107.825015,104.126427,101.783005,104.690319,103.189807,105.610098,105.711319,104.971182,105.020763,104.365195,103.438597,106.393805,106.510369,104.944561,104.158103,101.415316,103.640126,105.007778,105.032713
30,112.09144,117.313489,118.102424,115.157354,120.60401,110.73714,109.354414,114.548394,108.741424,106.103988,106.735786,105.899736,108.535043,104.533341,104.316955,108.009858,104.061534,101.801973,104.918821,103.282805,105.890603,105.919003,105.18732,104.973575,104.374939,103.385073,106.544248,106.571903,105.064429,103.820817,101.41104,103.758909,105.415216,104.97232
31,112.457458,117.904297,118.479665,115.285806,121.37658,111.001723,109.574001,115.402101,108.960256,106.111854,106.798923,106.044896,108.399566,104.832769,104.43056,108.194701,104.271481,101.858877,105.075165,103.152609,105.890603,106.126687,105.331412,105.209513,104.530839,103.37463,106.70354,106.793428,105.424034,104.179183,101.355454,103.804889,105.489296,105.052843
32,113.067489,118.495105,119.042944,115.568401,122.034223,110.835589,109.530083,115.548596,109.019399,106.190514,106.98169,106.236715,108.571171,104.916609,104.43056,108.31793,104.378364,101.972686,105.051112,103.496699,106.171108,106.23053,105.54755,105.313326,104.491864,103.612224,107.19469,106.898037,105.274198,104.389987,101.500834,104.199556,105.630047,105.43533
33,113.279394,121.133072,119.327167,115.773924,124.013536,111.100172,109.92534,115.942615,109.29146,106.552348,107.224271,106.335217,109.230491,105.054346,104.629367,109.769289,104.347826,102.048558,105.243536,103.673393,106.451613,106.334372,105.691643,105.313326,104.725714,103.582199,107.199115,107.34724,105.693737,104.505929,101.385385,104.050119,105.837469,105.797685
34,113.600462,119.43133,119.983463,115.940912,123.489976,111.623185,110.27668,116.018388,109.403833,106.418627,107.466853,106.573695,109.320809,105.24598,104.742971,108.687616,104.420353,102.124431,105.327721,103.79429,106.591865,106.438214,105.763689,105.605889,104.79392,103.443819,107.513274,106.879577,105.693737,104.716733,101.778766,104.176565,106.044892,105.737292
35,113.863739,122.290683,120.453723,116.146435,123.841144,111.801624,110.320597,115.952718,109.569435,106.780461,107.769249,106.521852,109.47435,105.222026,104.799773,108.810844,104.527236,102.257208,105.556224,103.80359,106.591865,106.645898,105.979827,105.822952,104.901101,103.539118,107.659292,107.156483,105.903506,104.611331,101.535041,104.429458,106.118972,104.881731
36,113.924742,122.149316,120.877474,116.583173,124.096539,112.41078,111.067194,116.700344,109.681807,106.859121,107.981923,106.713671,109.72724,105.278917,104.913377,109.118916,104.634118,102.219272,105.387853,103.896587,106.732118,106.853583,106.051873,105.738014,105.057001,103.605697,107.809735,107.95028,105.843572,104.885375,101.381109,104.360487,106.326395,105.80775
37,114.202466,120.044811,121.58028,116.480411,124.294471,112.287718,111.286781,117.033744,109.84741,107.150161,107.985246,106.765514,109.817558,105.389706,105.026981,109.303758,104.741001,102.257208,105.580277,103.961685,106.732118,106.853583,106.268012,105.917327,105.115463,103.732327,107.800885,107.925666,106.083308,104.874835,101.462351,104.398805,106.467146,105.395068
38,114.48019,120.335547,121.073846,116.763006,124.722258,112.595373,111.462451,117.109517,109.959782,107.158027,108.19792,106.864016,110.395592,105.500494,105.055382,110.50866,104.847883,102.408953,105.808779,104.082582,106.87237,106.957425,106.412104,106.049453,105.212901,103.832848,107.836283,107.716448,106.353012,105.14888,101.517937,104.578895,106.541225,105.686965
39,114.740256,120.698301,121.962689,116.968529,124.613715,112.761506,111.81379,117.114569,110.072155,107.378274,108.380687,107.019545,110.422688,105.584334,105.254189,109.426987,104.920411,102.427921,105.965123,104.259276,107.012623,107.165109,106.48415,106.247641,105.339569,103.734938,108.221239,108.036429,106.263111,105.069829,101.62911,104.571232,106.615305,105.697031
40,115.000321,121.517164,122.107385,117.058446,125.079811,112.884568,111.682038,117.341887,110.344216,107.669315,108.5269,107.258023,110.83815,105.775968,105.310991,109.735059,105.096003,102.503794,106.121467,104.268576,107.152875,107.165109,106.628242,106.313703,105.437007,103.835459,108.026549,108.184112,106.652682,105.343874,101.770214,104.521419,106.822728,105.56618
41,114.598985,121.951935,123.321792,117.225434,124.846763,113.407581,112.033377,117.488381,110.616276,107.889562,108.626591,107.216548,110.928468,105.913705,105.367793,109.735059,105.168531,102.560698,106.097414,104.417372,107.152875,107.476636,106.772334,106.266516,105.44675,103.731022,108.628319,108.977909,106.77255,105.554677,102.001112,104.720668,106.963479,105.576246
42,114.781994,122.525406,123.373469,117.353886,124.963287,113.370662,112.033377,117.786421,110.728649,108.180603,108.77945,107.455026,110.856214,105.970596,105.452996,111.248032,105.309768,102.598634,106.434155,104.287176,107.43338,107.476636,106.772334,106.304266,105.495469,104.039112,108.623894,108.69485,106.622715,105.422925,101.736007,104.812629,106.970887,105.234021
43,114.857446,122.936171,124.122784,117.482338,125.079811,113.419887,112.911726,118.14508,110.841022,108.40085,109.081846,107.693504,111.109104,105.946642,105.595001,110.289587,105.27923,102.655539,106.337943,104.659165,107.573633,107.68432,106.916427,106.568516,105.505213,103.955562,108.774336,108.701003,107.222056,105.770751,101.881387,104.958234,107.111638,105.032713
44,114.932897,123.346937,124.127952,117.803468,125.354361,113.641398,112.516469,117.831885,111.166312,108.337922,109.115077,107.68832,111.181358,106.084379,105.680204,110.227973,105.454823,102.731411,106.458208,104.640565,107.573633,107.788162,107.060519,106.502454,105.778038,104.022141,108.871681,108.719463,106.832484,105.654809,101.842904,105.057859,107.319061,105.908405
45,114.849419,124.003094,124.923777,117.970456,125.590601,114.164411,112.911726,118.241901,111.172226,108.558169,109.208121,107.973456,111.434249,106.222116,105.680204,111.925789,105.492995,102.788316,106.578473,104.733563,107.713885,107.788162,107.132565,106.813892,105.924194,104.161826,108.960177,108.953295,107.491759,105.744401,101.864284,105.203464,107.39314,105.91847
46,115.112695,124.389854,125.719601,117.944766,125.778955,114.256707,112.648221,118.651916,111.23137,108.566035,109.420796,107.931982,111.605853,106.252059,105.765408,110.351201,105.599878,102.769347,106.626578,104.82656,107.854137,107.892004,107.276657,106.710079,106.021631,104.078276,108.787611,109.273275,107.371891,105.918314,102.018215,105.027205,107.46722,105.475591
47,115.173698,124.728602,126.050333,118.073218,125.967309,114.318238,113.263065,119.061932,111.450201,108.644694,109.753099,108.077142,111.777457,106.335898,105.82221,110.782502,105.672405,102.826252,106.638605,104.919557,107.99439,107.995846,107.492795,106.691204,105.865731,104.236237,109.070796,109.33481,107.371891,105.907773,102.043871,105.609625,107.607971,105.928535
48,115.18333,125.019338,126.799649,118.20167,126.567488,114.539749,113.658322,119.266939,111.562574,108.65256,109.756422,108.27933,112.292269,106.500584,105.964215,110.844116,105.710578,102.959029,106.794949,105.012555,107.99439,108.099688,107.492795,106.89883,105.982656,104.372006,109.230088,109.525568,107.491759,105.986825,102.347458,105.452525,107.882065,106.079517
49,115.404867,125.598144,126.990853,118.330122,126.471715,114.675117,113.658322,119.471947,111.621718,109.014395,109.909281,108.424491,112.220014,106.557475,106.10622,111.028959,105.81746,103.034901,106.915213,105.105552,108.134642,108.203531,107.708934,106.93658,106.060606,104.3707,109.606195,109.402498,107.761462,105.981555,102.013939,105.55215,107.956145,105.21389
50,115.668144,126.097597,127.182058,118.49711,126.375942,115.155058,113.658322,119.946791,111.840549,108.880673,110.121955,108.429675,112.635477,106.641315,106.10622,111.275416,105.718212,103.091806,107.071557,105.086952,108.274895,108.307373,107.853026,107.115893,106.158043,104.524745,109.639381,109.291736,108.001199,106.071146,102.317527,105.456357,107.763538,106.069451
51,115.844731,126.59705,128.675521,118.587026,127.512451,115.247354,114.273166,119.623493,111.952922,109.10092,110.304722,108.574835,112.40065,106.725155,106.219824,111.275416,105.893805,103.167678,107.047505,105.291547,108.415147,108.411215,107.853026,107.068705,106.216506,104.484276,109.672566,109.740939,107.851364,106.134387,102.26194,105.555981,108.037632,105.415199
52,116.143325,127.096503,129.19229,118.676943,127.461371,115.524243,114.448836,119.850812,112.012065,109.108786,110.36786,108.719996,112.816113,106.701201,106.305027,111.33703,106.069397,103.14871,107.167769,105.300846,108.415147,108.515057,108.069164,107.248018,106.343175,104.550854,109.389381,109.630177,107.761462,106.461133,102.193526,105.950648,108.178384,105.123301
53,116.233224,127.595956,129.802077,118.882466,127.410292,115.573468,114.361001,120.190106,112.177667,109.612208,110.490812,108.76147,113.132225,106.758092,106.418631,111.521873,106.10757,103.281487,107.324113,105.365944,108.5554,108.722741,108.14121,107.351831,106.138556,104.43989,109.685887,110.036305,107.911298,106.355731,102.13794,105.908499,108.385806,105.767489
54,116.612085,127.526606,129.714227,119.165061,127.416677,115.665764,114.712341,120.5294,112.396499,109.620074,110.733393,108.813313,113.059971,107.030572,106.475433,111.829945,106.214452,103.319423,107.408298,105.486841,108.5554,108.722741,108.285303,107.351831,106.255481,104.596546,109.685887,110.485509,108.330836,106.461133,102.411596,105.954479,108.393214,105.848012
55,116.673088,127.966712,130.184487,119.062299,127.423062,115.844204,114.931928,120.822388,112.295955,109.698734,110.766623,108.865156,113.394147,107.033566,106.560636,111.829945,106.252624,103.319423,107.348166,105.468241,108.415147,108.826584,108.357349,107.389581,106.206762,104.49733,109.982393,110.331672,108.360803,106.587615,102.287596,106.019618,108.467294,105.556115
56,116.82078,128.449495,132.143042,119.152216,127.573107,115.807285,115.327185,121.115377,112.514786,109.777393,110.859668,109.150293,113.403179,107.171303,106.617438,111.829945,106.393862,103.338392,107.540589,105.561239,108.5554,108.826584,108.429395,107.568894,106.577024,104.727092,110.130646,110.07938,108.392197,106.83531,102.321803,106.011955,108.674717,106.059386
57,117.206062,129.052306,131.450571,119.396275,127.723152,115.727295,115.327185,120.731461,112.733617,110.068434,110.833084,109.212505,113.430275,107.201246,106.731042,111.953173,106.466389,103.433232,107.372219,105.710034,108.835905,109.034268,108.645533,107.578331,106.518562,104.601768,110.278899,110.313211,108.420737,106.714097,102.62539,106.084757,108.615453,105.294414
58,117.369807,129.655117,132.246396,119.447656,127.984574,115.991878,115.107598,120.985721,112.792761,110.005506,111.188649,109.311006,113.683165,107.20424,106.816245,112.261245,106.538917,103.4522,107.70896,105.914628,108.835905,109.034268,108.645533,107.616082,106.615999,104.887665,110.427152,110.460895,108.690441,106.87747,102.411596,106.042609,108.822876,105.586311
59,117.546394,129.705796,132.809674,119.614644,128.285042,116.730249,115.678524,121.239981,113.011592,110.225753,111.258432,109.316191,114.098627,107.315028,106.844646,114.143904,106.680154,103.528073,107.684907,105.923928,108.976157,109.13811,108.789625,107.634957,106.72318,104.996018,110.575406,110.467048,108.571999,106.909091,102.505666,106.226531,108.830284,105.596376
60,117.90278,130.269931,132.210222,119.666024,128.309105,116.865617,115.019763,121.494241,113.123965,110.375206,111.32157,109.368034,113.945087,107.398868,106.901448,112.322859,106.683971,103.603945,107.841251,106.044825,109.11641,109.13811,108.861671,107.776519,106.693949,104.911163,110.723659,111.230078,108.931604,106.961792,102.561252,106.238026,108.904363,105.32461
61,118.194953,130.834067,135.7966,119.67887,129.157553,117.03175,115.546772,121.748501,113.289567,110.453866,111.414615,109.419877,114.360549,107.563554,107.043454,114.451975,106.653434,103.603945,107.925436,106.026225,109.11641,109.345794,109.005764,107.757644,106.869336,104.925523,110.871912,110.977786,108.721835,107.283267,102.813529,106.552226,109.178458,105.898339
62,118.631606,131.246833,135.61573,119.922929,129.180761,117.007138,115.810277,122.139153,113.295481,110.249351,111.717011,109.601327,114.188945,107.620445,107.043454,114.451975,106.725961,103.698786,107.901383,106.063424,109.256662,109.449637,109.149856,107.861457,106.752412,104.815864,111.020165,111.297766,108.6619,107.125165,102.71946,106.590543,109.119194,105.717162
63,118.779298,131.659598,134.365149,120.051381,129.268541,117.142506,116.205534,122.529804,113.354625,110.823566,111.660519,109.606511,114.604408,107.623439,107.100256,114.451975,106.798488,103.774659,108.021648,106.128522,109.396914,109.449637,109.221902,108.00302,106.898568,104.571742,111.168418,111.703895,109.051472,107.130435,102.903322,106.655682,109.259945,105.848012
64,118.926989,132.072364,135.95163,120.064226,129.581721,117.493232,116.029864,122.817741,113.573456,110.831432,111.9031,109.798331,114.613439,107.626434,107.185459,114.760047,106.905371,103.793627,108.141912,106.109923,109.256662,109.553479,109.293948,108.04077,106.95703,105.040404,111.316671,111.02086,109.141373,107.198946,102.509941,106.506246,109.200682,105.837947
65,119.334746,132.278747,136.654436,120.231214,129.897494,117.327098,116.688625,123.221863,113.6326,110.910092,112.115774,109.756856,114.703757,107.845016,107.21386,112.939002,107.012253,103.831563,108.262177,106.286618,109.256662,109.657321,109.365994,108.087958,106.986261,105.159202,111.464924,111.211618,109.111406,107.177866,102.535597,106.820446,109.408104,106.200302
66,119.598022,132.48513,136.822386,120.282595,130.042958,117.677824,116.512956,123.244595,113.744973,110.988752,112.08919,109.772409,115.037934,107.821062,107.21386,115.252961,107.119136,103.831563,108.274203,106.379615,109.396914,109.657321,109.43804,108.11627,107.151905,105.131787,111.613178,111.660821,109.231274,107.183136,102.839184,106.671009,109.415512,106.351283
67,119.797085,132.715852,136.990336,120.29544,130.225079,118.127,116.732543,123.267327,113.963804,111.067411,112.182235,110.057546,115.065029,107.877953,107.355865,113.123845,107.191663,103.850531,108.28623,106.472612,109.537167,109.865005,109.43804,108.15402,107.229855,105.040404,111.761431,111.722356,109.201307,107.741765,102.873391,106.958388,109.42292,105.727227
68,120.031465,132.946574,138.297762,120.500963,130.467668,118.176224,116.512956,123.024854,114.129406,111.429246,112.155651,110.06273,114.992775,107.934844,107.412667,115.376189,107.19548,103.907436,108.478653,106.53771,109.537167,109.865005,109.654179,108.248396,107.19088,104.918996,112.057937,111.340841,109.021505,107.515152,102.629666,106.694,109.630343,105.45546
69,120.156681,132.97977,138.163402,120.475273,130.500865,118.139306,116.864295,123.357833,114.082091,111.366318,112.338418,110.161232,115.326951,108.09953,107.49787,115.437804,107.336718,103.945372,108.562838,106.630708,109.677419,109.968847,109.726225,108.371083,107.278574,105.009073,112.057937,111.617747,109.351142,107.578393,102.84346,107.115488,109.704423,105.32461
70,120.391061,133.106723,137.610459,120.719332,130.627817,118.360817,116.996047,123.690813,114.088006,111.374184,112.431462,110.259734,115.17341,108.210318,107.554672,115.80749,107.30618,103.945372,108.538785,106.55631,109.677419,110.07269,109.870317,108.465459,107.376011,105.125259,112.354443,111.808504,109.411076,107.520422,102.809253,107.314737,109.845174,105.777554
71,120.509857,133.539055,139.941088,120.809249,131.06015,118.280827,117.347387,124.023793,114.253608,111.594431,112.434785,110.161232,115.245665,108.26721,107.611474,115.561032,107.447418,104.059181,108.622971,106.621408,109.817672,110.176532,109.870317,108.399396,107.42473,105.046932,112.502696,111.64236,109.500977,107.878788,103.023047,107.03119,109.852582,105.998993
72,120.744237,133.99426,141.108987,120.899165,131.515355,118.686931,117.654809,124.356772,114.472439,111.673091,112.587645,110.39971,115.17341,108.243255,107.668276,115.561032,107.588655,104.116085,108.598918,106.714405,109.817672,110.176532,110.014409,108.456021,107.414986,110.072976,112.650949,111.876192,109.411076,107.794466,102.779322,107.264925,109.926661,105.304479
73,120.978617,134.022054,140.742081,120.989082,131.543149,119.037657,117.391304,124.656917,114.478353,111.75175,112.830226,110.358235,115.670159,108.354044,107.725078,115.930718,107.592472,104.135053,108.82742,106.918999,110.098177,110.384216,110.086455,108.465459,107.463705,105.454237,112.799203,112.196173,109.68078,107.799736,103.052978,107.3224,110.000741,106.109713
74,121.212997,134.534722,143.909875,121.117534,132.055817,119.000738,117.303469,124.957062,114.697185,111.83041,112.71392,110.467106,115.760477,108.303141,107.78188,115.869104,107.630645,104.172989,108.875526,106.928299,109.957924,110.280374,110.158501,108.531521,107.42473,106.369369,112.947456,111.986955,109.590879,107.757576,103.236841,107.307073,110.008149,105.837947
75,121.505169,134.414288,142.566276,121.014772,131.935382,118.96382,117.698726,125.257207,114.703099,111.979863,113.016316,110.518949,115.868858,108.467826,107.838682,116.362018,107.668817,104.248862,108.887553,106.965498,110.098177,110.384216,110.230548,108.625897,107.570886,105.664417,113.095709,111.962341,109.950483,107.810277,102.71946,107.264925,110.1489,105.425264
